birthPlaceCountry,countryOfIncorporation,countryOfResidency,deathTime,firstName,isActive,lastName,legalName,listedCompany,maritalStatus,middleName,name,nameAlias,nationality,occupation,organizationSymbol,partyId,partyType,sourceOfIncome,title,website,gender,homePhone,alternatePhone,cellPhone,primaryPhone,workPhone,alternateEmail,companyEmail,personalEmail,workEmail,isIndividual
US,US,US,,,,,,,,,,,US,,,0,Organization,,,,,,,,,,,,,,False
US,US,US,,,,,,,,,,,US,,,1,Organization,,,,,,,,,,,,,,False
US,US,US,,,,,,,,,,,US,,,6,Organization,,,,,,,,,,,,,,False
US,US,US,,,,,,,,,,,US,,,7,Organization,,,,,,,,,,,,,,False
US,US,US,,,,,,,,,,,US,,,8,Organization,,,,,,,,,,,,,,False
US,US,US,,,,,,,,,,,US,,,11,Organization,,,,,,,,,,,,,,False
US,US,US,,,,,,,,,,,US,,,13,Organization,,,,,,,,,,,,,,False
US,US,US,,,,,,,,,,,US,,,15,Organization,,,,,,,,,,,,,,False
US,US,US,,,,,,,,,,,US,,,18,Organization,,,,,,,,,,,,,,False
US,US,US,,,,,,,,,,,US,,,19,Organization,,,,,,,,,,,,,,False
US,US,US,,,,,,,,,,,US,,,22,Organization,,,,,,,,,,,,,,False
US,US,US,,,,,,,,,,,US,,,23,Organization,,,,,,,,,,,,,,False
US,US,US,,,,,,,,,,,US,,,28,Organization,,,,,,,,,,,,,,False
US,US,US,,,,,,,,,,,US,,,29,Organization,,,,,,,,,,,,,,False
US,US,US,,,,,,,,,,,US,,,32,Organization,,,,,,,,,,,,,,False
US,US,US,,,,,,,,,,,US,,,34,Organization,,,,,,,,,,,,,,False
US,US,US,,,,,,,,,,,US,,,36,Organization,,,,,,,,,,,,,,False
US,US,US,,,,,,,,,,,US,,,38,Organization,,,,,,,,,,,,,,False
US,US,US,,,,,,,,,,,US,,,41,Organization,,,,,,,,,,,,,,False
US,US,US,,,,,,,,,,,US,,,42,Organization,,,,,,,,,,,,,,False
US,US,US,,,,,,,,,,,US,,,43,Organization,,,,,,,,,,,,,,False
US,US,US,,,,,,,,,,,US,,,44,Organization,,,,,,,,,,,,,,False
US,US,US,,,,,,,,,,,US,,,47,Organization,,,,,,,,,,,,,,False
US,US,US,,,,,,,,,,,US,,,48,Organization,,,,,,,,,,,,,,False
US,US,US,,,,,,,,,,,US,,,51,Organization,,,,,,,,,,,,,,False
US,US,US,,,,,,,,,,,US,,,52,Organization,,,,,,,,,,,,,,False
US,US,US,,,,,,,,,,,US,,,53,Organization,,,,,,,,,,,,,,False
US,US,US,,,,,,,,,,,US,,,55,Organization,,,,,,,,,,,,,,False
US,US,US,,,,,,,,,,,US,,,57,Organization,,,,,,,,,,,,,,False
US,US,US,,,,,,,,,,,US,,,58,Organization,,,,,,,,,,,,,,False
US,US,US,,,,,,,,,,,US,,,60,Organization,,,,,,,,,,,,,,False
US,US,US,,,,,,,,,,,US,,,62,Organization,,,,,,,,,,,,,,False
US,US,US,,,,,,,,,,,US,,,65,Organization,,,,,,,,,,,,,,False
US,US,US,,,,,,,,,,,US,,,66,Organization,,,,,,,,,,,,,,False
US,US,US,,,,,,,,,,,US,,,67,Organization,,,,,,,,,,,,,,False
US,US,US,,,,,,,,,,,US,,,72,Organization,,,,,,,,,,,,,,False
US,US,US,,,,,,,,,,,US,,,73,Organization,,,,,,,,,,,,,,False
US,US,US,,,,,,,,,,,US,,,74,Organization,,,,,,,,,,,,,,False
US,US,US,,,,,,,,,,,US,,,75,Organization,,,,,,,,,,,,,,False
US,US,US,,,,,,,,,,,US,,,79,Organization,,,,,,,,,,,,,,False
US,US,US,,,,,,,,,,,US,,,80,Organization,,,,,,,,,,,,,,False
US,US,US,,,,,,,,,,,US,,,82,Organization,,,,,,,,,,,,,,False
US,US,US,,,,,,,,,,,US,,,83,Organization,,,,,,,,,,,,,,False
US,US,US,,,,,,,,,,,US,,,85,Organization,,,,,,,,,,,,,,False
US,US,US,,,,,,,,,,,US,,,88,Organization,,,,,,,,,,,,,,False
US,US,US,,,,,,,,,,,US,,,91,Organization,,,,,,,,,,,,,,False
US,US,US,,,,,,,,,,,US,,,94,Organization,,,,,,,,,,,,,,False
US,US,US,,,,,,,,,,,US,,,95,Organization,,,,,,,,,,,,,,False
US,US,US,,,,,,,,,,,US,,,97,Organization,,,,,,,,,,,,,,False
US,US,US,,,,,,,,,,,US,,,99,Organization,,,,,,,,,,,,,,False
US,US,US,,,,,,,,,,,US,,,104,Organization,,,,,,,,,,,,,,False
US,US,US,,,,,,,,,,,US,,,105,Organization,,,,,,,,,,,,,,False
US,US,US,,,,,,,,,,,US,,,106,Organization,,,,,,,,,,,,,,False
US,US,US,,,,,,,,,,,US,,,109,Organization,,,,,,,,,,,,,,False
US,US,US,,,,,,,,,,,US,,,110,Organization,,,,,,,,,,,,,,False
US,US,US,,,,,,,,,,,US,,,111,Organization,,,,,,,,,,,,,,False
US,US,US,,,,,,,,,,,US,,,112,Organization,,,,,,,,,,,,,,False
US,US,US,,,,,,,,,,,US,,,113,Organization,,,,,,,,,,,,,,False
US,US,US,,,,,,,,,,,US,,,114,Organization,,,,,,,,,,,,,,False
US,US,US,,,,,,,,,,,US,,,116,Organization,,,,,,,,,,,,,,False
US,US,US,,,,,,,,,,,US,,,117,Organization,,,,,,,,,,,,,,False
US,US,US,,,,,,,,,,,US,,,118,Organization,,,,,,,,,,,,,,False
US,US,US,,,,,,,,,,,US,,,120,Organization,,,,,,,,,,,,,,False
US,US,US,,,,,,,,,,,US,,,121,Organization,,,,,,,,,,,,,,False
US,US,US,,,,,,,,,,,US,,,122,Organization,,,,,,,,,,,,,,False
US,US,US,,,,,,,,,,,US,,,123,Organization,,,,,,,,,,,,,,False
US,US,US,,,,,,,,,,,US,,,124,Organization,,,,,,,,,,,,,,False
US,US,US,,,,,,,,,,,US,,,125,Organization,,,,,,,,,,,,,,False
US,US,US,,,,,,,,,,,US,,,130,Organization,,,,,,,,,,,,,,False
US,US,US,,,,,,,,,,,US,,,132,Organization,,,,,,,,,,,,,,False
US,US,US,,,,,,,,,,,US,,,135,Organization,,,,,,,,,,,,,,False
US,US,US,,,,,,,,,,,US,,,139,Organization,,,,,,,,,,,,,,False
US,US,US,,,,,,,,,,,US,,,143,Organization,,,,,,,,,,,,,,False
US,US,US,,,,,,,,,,,US,,,144,Organization,,,,,,,,,,,,,,False
US,US,US,,,,,,,,,,,US,,,146,Organization,,,,,,,,,,,,,,False
US,US,US,,,,,,,,,,,US,,,148,Organization,,,,,,,,,,,,,,False
US,US,US,,,,,,,,,,,US,,,149,Organization,,,,,,,,,,,,,,False
US,US,US,,,,,,,,,,,US,,,150,Organization,,,,,,,,,,,,,,False
US,US,US,,,,,,,,,,,US,,,151,Organization,,,,,,,,,,,,,,False
US,US,US,,,,,,,,,,,US,,,155,Organization,,,,,,,,,,,,,,False
US,US,US,,,,,,,,,,,US,,,167,Organization,,,,,,,,,,,,,,False
US,US,US,,,,,,,,,,,US,,,168,Organization,,,,,,,,,,,,,,False
US,US,US,,,,,,,,,,,US,,,170,Organization,,,,,,,,,,,,,,False
US,US,US,,,,,,,,,,,US,,,173,Organization,,,,,,,,,,,,,,False
US,US,US,,,,,,,,,,,US,,,175,Organization,,,,,,,,,,,,,,False
US,US,US,,,,,,,,,,,US,,,176,Organization,,,,,,,,,,,,,,False
US,US,US,,,,,,,,,,,US,,,178,Organization,,,,,,,,,,,,,,False
US,US,US,,,,,,,,,,,US,,,181,Organization,,,,,,,,,,,,,,False
US,US,US,,,,,,,,,,,US,,,183,Organization,,,,,,,,,,,,,,False
US,US,US,,,,,,,,,,,US,,,185,Organization,,,,,,,,,,,,,,False
US,US,US,,,,,,,,,,,US,,,186,Organization,,,,,,,,,,,,,,False
US,US,US,,,,,,,,,,,US,,,187,Organization,,,,,,,,,,,,,,False
US,US,US,,,,,,,,,,,US,,,188,Organization,,,,,,,,,,,,,,False
US,US,US,,,,,,,,,,,US,,,189,Organization,,,,,,,,,,,,,,False
US,US,US,,,,,,,,,,,US,,,191,Organization,,,,,,,,,,,,,,False
US,US,US,,,,,,,,,,,US,,,193,Organization,,,,,,,,,,,,,,False
US,US,US,,,,,,,,,,,US,,,195,Organization,,,,,,,,,,,,,,False
US,US,US,,,,,,,,,,,US,,,198,Organization,,,,,,,,,,,,,,False
US,US,US,,,,,,,,,,,US,,,200,Organization,,,,,,,,,,,,,,False
US,US,US,,,,,,,,,,,US,,,201,Organization,,,,,,,,,,,,,,False
US,US,US,,,,,,,,,,,US,,,202,Organization,,,,,,,,,,,,,,False
US,US,US,,,,,,,,,,,US,,,203,Organization,,,,,,,,,,,,,,False
US,US,US,,,,,,,,,,,US,,,205,Organization,,,,,,,,,,,,,,False
US,US,US,,,,,,,,,,,US,,,208,Organization,,,,,,,,,,,,,,False
US,US,US,,,,,,,,,,,US,,,211,Organization,,,,,,,,,,,,,,False
US,US,US,,,,,,,,,,,US,,,213,Organization,,,,,,,,,,,,,,False
US,US,US,,,,,,,,,,,US,,,214,Organization,,,,,,,,,,,,,,False
US,US,US,,,,,,,,,,,US,,,220,Organization,,,,,,,,,,,,,,False
US,US,US,,,,,,,,,,,US,,,221,Organization,,,,,,,,,,,,,,False
US,US,US,,,,,,,,,,,US,,,223,Organization,,,,,,,,,,,,,,False
US,US,US,,,,,,,,,,,US,,,227,Organization,,,,,,,,,,,,,,False
US,US,US,,,,,,,,,,,US,,,229,Organization,,,,,,,,,,,,,,False
US,US,US,,,,,,,,,,,US,,,231,Organization,,,,,,,,,,,,,,False
US,US,US,,,,,,,,,,,US,,,232,Organization,,,,,,,,,,,,,,False
US,US,US,,,,,,,,,,,US,,,234,Organization,,,,,,,,,,,,,,False
US,US,US,,,,,,,,,,,US,,,235,Organization,,,,,,,,,,,,,,False
US,US,US,,,,,,,,,,,US,,,238,Organization,,,,,,,,,,,,,,False
US,US,US,,,,,,,,,,,US,,,239,Organization,,,,,,,,,,,,,,False
US,US,US,,,,,,,,,,,US,,,240,Organization,,,,,,,,,,,,,,False
US,US,US,,,,,,,,,,,US,,,241,Organization,,,,,,,,,,,,,,False
US,US,US,,,,,,,,,,,US,,,245,Organization,,,,,,,,,,,,,,False
US,US,US,,,,,,,,,,,US,,,252,Organization,,,,,,,,,,,,,,False
US,US,US,,,,,,,,,,,US,,,253,Organization,,,,,,,,,,,,,,False
US,US,US,,,,,,,,,,,US,,,254,Organization,,,,,,,,,,,,,,False
US,US,US,,,,,,,,,,,US,,,255,Organization,,,,,,,,,,,,,,False
US,US,US,,,,,,,,,,,US,,,257,Organization,,,,,,,,,,,,,,False
US,US,US,,,,,,,,,,,US,,,258,Organization,,,,,,,,,,,,,,False
US,US,US,,,,,,,,,,,US,,,259,Organization,,,,,,,,,,,,,,False
US,US,US,,,,,,,,,,,US,,,260,Organization,,,,,,,,,,,,,,False
US,US,US,,,,,,,,,,,US,,,263,Organization,,,,,,,,,,,,,,False
US,US,US,,,,,,,,,,,US,,,269,Organization,,,,,,,,,,,,,,False
US,US,US,,,,,,,,,,,US,,,270,Organization,,,,,,,,,,,,,,False
US,US,US,,,,,,,,,,,US,,,273,Organization,,,,,,,,,,,,,,False
US,US,US,,,,,,,,,,,US,,,275,Organization,,,,,,,,,,,,,,False
US,US,US,,,,,,,,,,,US,,,278,Organization,,,,,,,,,,,,,,False
US,US,US,,,,,,,,,,,US,,,284,Organization,,,,,,,,,,,,,,False
US,US,US,,,,,,,,,,,US,,,285,Organization,,,,,,,,,,,,,,False
US,US,US,,,,,,,,,,,US,,,286,Organization,,,,,,,,,,,,,,False
US,US,US,,,,,,,,,,,US,,,288,Organization,,,,,,,,,,,,,,False
US,US,US,,,,,,,,,,,US,,,289,Organization,,,,,,,,,,,,,,False
US,US,US,,,,,,,,,,,US,,,290,Organization,,,,,,,,,,,,,,False
US,US,US,,,,,,,,,,,US,,,293,Organization,,,,,,,,,,,,,,False
US,US,US,,,,,,,,,,,US,,,294,Organization,,,,,,,,,,,,,,False
US,US,US,,,,,,,,,,,US,,,295,Organization,,,,,,,,,,,,,,False
US,US,US,,,,,,,,,,,US,,,296,Organization,,,,,,,,,,,,,,False
US,US,US,,,,,,,,,,,US,,,298,Organization,,,,,,,,,,,,,,False
US,US,US,,,,,,,,,,,US,,,301,Organization,,,,,,,,,,,,,,False
US,US,US,,,,,,,,,,,US,,,302,Organization,,,,,,,,,,,,,,False
US,US,US,,,,,,,,,,,US,,,306,Organization,,,,,,,,,,,,,,False
US,US,US,,,,,,,,,,,US,,,307,Organization,,,,,,,,,,,,,,False
US,US,US,,,,,,,,,,,US,,,308,Organization,,,,,,,,,,,,,,False
US,US,US,,,,,,,,,,,US,,,309,Organization,,,,,,,,,,,,,,False
US,US,US,,,,,,,,,,,US,,,310,Organization,,,,,,,,,,,,,,False
US,US,US,,,,,,,,,,,US,,,311,Organization,,,,,,,,,,,,,,False
US,US,US,,,,,,,,,,,US,,,312,Organization,,,,,,,,,,,,,,False
US,US,US,,,,,,,,,,,US,,,313,Organization,,,,,,,,,,,,,,False
US,US,US,,,,,,,,,,,US,,,315,Organization,,,,,,,,,,,,,,False
US,US,US,,,,,,,,,,,US,,,316,Organization,,,,,,,,,,,,,,False
US,US,US,,,,,,,,,,,US,,,323,Organization,,,,,,,,,,,,,,False
US,US,US,,,,,,,,,,,US,,,324,Organization,,,,,,,,,,,,,,False
US,US,US,,,,,,,,,,,US,,,329,Organization,,,,,,,,,,,,,,False
US,US,US,,,,,,,,,,,US,,,330,Organization,,,,,,,,,,,,,,False
US,US,US,,,,,,,,,,,US,,,331,Organization,,,,,,,,,,,,,,False
US,US,US,,,,,,,,,,,US,,,332,Organization,,,,,,,,,,,,,,False
US,US,US,,,,,,,,,,,US,,,337,Organization,,,,,,,,,,,,,,False
US,US,US,,,,,,,,,,,US,,,338,Organization,,,,,,,,,,,,,,False
US,US,US,,,,,,,,,,,US,,,341,Organization,,,,,,,,,,,,,,False
US,US,US,,,,,,,,,,,US,,,343,Organization,,,,,,,,,,,,,,False
US,US,US,,,,,,,,,,,US,,,344,Organization,,,,,,,,,,,,,,False
US,US,US,,,,,,,,,,,US,,,345,Organization,,,,,,,,,,,,,,False
US,US,US,,,,,,,,,,,US,,,347,Organization,,,,,,,,,,,,,,False
US,US,US,,,,,,,,,,,US,,,348,Organization,,,,,,,,,,,,,,False
US,US,US,,,,,,,,,,,US,,,349,Organization,,,,,,,,,,,,,,False
US,US,US,,,,,,,,,,,US,,,352,Organization,,,,,,,,,,,,,,False
US,US,US,,,,,,,,,,,US,,,361,Organization,,,,,,,,,,,,,,False
US,US,US,,,,,,,,,,,US,,,362,Organization,,,,,,,,,,,,,,False
US,US,US,,,,,,,,,,,US,,,364,Organization,,,,,,,,,,,,,,False
US,US,US,,,,,,,,,,,US,,,367,Organization,,,,,,,,,,,,,,False
US,US,US,,,,,,,,,,,US,,,368,Organization,,,,,,,,,,,,,,False
US,US,US,,,,,,,,,,,US,,,372,Organization,,,,,,,,,,,,,,False
US,US,US,,,,,,,,,,,US,,,373,Organization,,,,,,,,,,,,,,False
US,US,US,,,,,,,,,,,US,,,375,Organization,,,,,,,,,,,,,,False
US,US,US,,,,,,,,,,,US,,,377,Organization,,,,,,,,,,,,,,False
US,US,US,,,,,,,,,,,US,,,379,Organization,,,,,,,,,,,,,,False
US,US,US,,,,,,,,,,,US,,,381,Organization,,,,,,,,,,,,,,False
US,US,US,,,,,,,,,,,US,,,384,Organization,,,,,,,,,,,,,,False
US,US,US,,,,,,,,,,,US,,,385,Organization,,,,,,,,,,,,,,False
US,US,US,,,,,,,,,,,US,,,387,Organization,,,,,,,,,,,,,,False
US,US,US,,,,,,,,,,,US,,,390,Organization,,,,,,,,,,,,,,False
US,US,US,,,,,,,,,,,US,,,391,Organization,,,,,,,,,,,,,,False
US,US,US,,,,,,,,,,,US,,,394,Organization,,,,,,,,,,,,,,False
US,US,US,,,,,,,,,,,US,,,395,Organization,,,,,,,,,,,,,,False
US,US,US,,,,,,,,,,,US,,,396,Organization,,,,,,,,,,,,,,False
US,US,US,,,,,,,,,,,US,,,401,Organization,,,,,,,,,,,,,,False
US,US,US,,,,,,,,,,,US,,,402,Organization,,,,,,,,,,,,,,False
US,US,US,,,,,,,,,,,US,,,404,Organization,,,,,,,,,,,,,,False
US,US,US,,,,,,,,,,,US,,,405,Organization,,,,,,,,,,,,,,False
US,US,US,,,,,,,,,,,US,,,408,Organization,,,,,,,,,,,,,,False
US,US,US,,,,,,,,,,,US,,,409,Organization,,,,,,,,,,,,,,False
US,US,US,,,,,,,,,,,US,,,410,Organization,,,,,,,,,,,,,,False
US,US,US,,,,,,,,,,,US,,,417,Organization,,,,,,,,,,,,,,False
US,US,US,,,,,,,,,,,US,,,419,Organization,,,,,,,,,,,,,,False
US,US,US,,,,,,,,,,,US,,,420,Organization,,,,,,,,,,,,,,False
US,US,US,,,,,,,,,,,US,,,422,Organization,,,,,,,,,,,,,,False
US,US,US,,,,,,,,,,,US,,,424,Organization,,,,,,,,,,,,,,False
US,US,US,,,,,,,,,,,US,,,426,Organization,,,,,,,,,,,,,,False
US,US,US,,,,,,,,,,,US,,,427,Organization,,,,,,,,,,,,,,False
US,US,US,,,,,,,,,,,US,,,428,Organization,,,,,,,,,,,,,,False
US,US,US,,,,,,,,,,,US,,,430,Organization,,,,,,,,,,,,,,False
US,US,US,,,,,,,,,,,US,,,433,Organization,,,,,,,,,,,,,,False
US,US,US,,,,,,,,,,,US,,,434,Organization,,,,,,,,,,,,,,False
US,US,US,,,,,,,,,,,US,,,435,Organization,,,,,,,,,,,,,,False
US,US,US,,,,,,,,,,,US,,,438,Organization,,,,,,,,,,,,,,False
US,US,US,,,,,,,,,,,US,,,440,Organization,,,,,,,,,,,,,,False
US,US,US,,,,,,,,,,,US,,,441,Organization,,,,,,,,,,,,,,False
US,US,US,,,,,,,,,,,US,,,442,Organization,,,,,,,,,,,,,,False
US,US,US,,,,,,,,,,,US,,,446,Organization,,,,,,,,,,,,,,False
US,US,US,,,,,,,,,,,US,,,447,Organization,,,,,,,,,,,,,,False
US,US,US,,,,,,,,,,,US,,,449,Organization,,,,,,,,,,,,,,False
US,US,US,,,,,,,,,,,US,,,451,Organization,,,,,,,,,,,,,,False
US,US,US,,,,,,,,,,,US,,,452,Organization,,,,,,,,,,,,,,False
US,US,US,,,,,,,,,,,US,,,456,Organization,,,,,,,,,,,,,,False
US,US,US,,,,,,,,,,,US,,,457,Organization,,,,,,,,,,,,,,False
US,US,US,,,,,,,,,,,US,,,458,Organization,,,,,,,,,,,,,,False
US,US,US,,,,,,,,,,,US,,,464,Organization,,,,,,,,,,,,,,False
US,US,US,,,,,,,,,,,US,,,465,Organization,,,,,,,,,,,,,,False
US,US,US,,,,,,,,,,,US,,,466,Organization,,,,,,,,,,,,,,False
US,US,US,,,,,,,,,,,US,,,479,Organization,,,,,,,,,,,,,,False
US,US,US,,,,,,,,,,,US,,,480,Organization,,,,,,,,,,,,,,False
US,US,US,,,,,,,,,,,US,,,485,Organization,,,,,,,,,,,,,,False
US,US,US,,,,,,,,,,,US,,,488,Organization,,,,,,,,,,,,,,False
US,US,US,,,,,,,,,,,US,,,490,Organization,,,,,,,,,,,,,,False
US,US,US,,,,,,,,,,,US,,,492,Organization,,,,,,,,,,,,,,False
US,US,US,,,,,,,,,,,US,,,495,Organization,,,,,,,,,,,,,,False
US,US,US,,,,,,,,,,,US,,,496,Organization,,,,,,,,,,,,,,False
US,US,US,,,,,,,,,,,US,,,497,Organization,,,,,,,,,,,,,,False
US,US,US,,,,,,,,,,,US,,,498,Organization,,,,,,,,,,,,,,False
US,US,US,,,,,,,,,,,US,,,500,Organization,,,,,,,,,,,,,,False
US,US,US,,,,,,,,,,,US,,,503,Organization,,,,,,,,,,,,,,False
US,US,US,,,,,,,,,,,US,,,504,Organization,,,,,,,,,,,,,,False
US,US,US,,,,,,,,,,,US,,,505,Organization,,,,,,,,,,,,,,False
US,US,US,,,,,,,,,,,US,,,506,Organization,,,,,,,,,,,,,,False
US,US,US,,,,,,,,,,,US,,,509,Organization,,,,,,,,,,,,,,False
US,US,US,,,,,,,,,,,US,,,510,Organization,,,,,,,,,,,,,,False
US,US,US,,,,,,,,,,,US,,,511,Organization,,,,,,,,,,,,,,False
US,US,US,,,,,,,,,,,US,,,514,Organization,,,,,,,,,,,,,,False
US,US,US,,,,,,,,,,,US,,,517,Organization,,,,,,,,,,,,,,False
US,US,US,,,,,,,,,,,US,,,518,Organization,,,,,,,,,,,,,,False
US,US,US,,,,,,,,,,,US,,,522,Organization,,,,,,,,,,,,,,False
US,US,US,,,,,,,,,,,US,,,524,Organization,,,,,,,,,,,,,,False
US,US,US,,,,,,,,,,,US,,,526,Organization,,,,,,,,,,,,,,False
US,US,US,,,,,,,,,,,US,,,527,Organization,,,,,,,,,,,,,,False
US,US,US,,,,,,,,,,,US,,,530,Organization,,,,,,,,,,,,,,False
US,US,US,,,,,,,,,,,US,,,531,Organization,,,,,,,,,,,,,,False
US,US,US,,,,,,,,,,,US,,,532,Organization,,,,,,,,,,,,,,False
US,US,US,,,,,,,,,,,US,,,533,Organization,,,,,,,,,,,,,,False
US,US,US,,,,,,,,,,,US,,,534,Organization,,,,,,,,,,,,,,False
US,US,US,,,,,,,,,,,US,,,535,Organization,,,,,,,,,,,,,,False
US,US,US,,,,,,,,,,,US,,,537,Organization,,,,,,,,,,,,,,False
US,US,US,,,,,,,,,,,US,,,540,Organization,,,,,,,,,,,,,,False
US,US,US,,,,,,,,,,,US,,,543,Organization,,,,,,,,,,,,,,False
US,US,US,,,,,,,,,,,US,,,544,Organization,,,,,,,,,,,,,,False
US,US,US,,,,,,,,,,,US,,,546,Organization,,,,,,,,,,,,,,False
US,US,US,,,,,,,,,,,US,,,548,Organization,,,,,,,,,,,,,,False
US,US,US,,,,,,,,,,,US,,,551,Organization,,,,,,,,,,,,,,False
US,US,US,,,,,,,,,,,US,,,553,Organization,,,,,,,,,,,,,,False
US,US,US,,,,,,,,,,,US,,,554,Organization,,,,,,,,,,,,,,False
US,US,US,,,,,,,,,,,US,,,556,Organization,,,,,,,,,,,,,,False
US,US,US,,,,,,,,,,,US,,,557,Organization,,,,,,,,,,,,,,False
US,US,US,,,,,,,,,,,US,,,559,Organization,,,,,,,,,,,,,,False
US,US,US,,,,,,,,,,,US,,,561,Organization,,,,,,,,,,,,,,False
US,US,US,,,,,,,,,,,US,,,562,Organization,,,,,,,,,,,,,,False
US,US,US,,,,,,,,,,,US,,,564,Organization,,,,,,,,,,,,,,False
US,US,US,,,,,,,,,,,US,,,566,Organization,,,,,,,,,,,,,,False
US,US,US,,,,,,,,,,,US,,,567,Organization,,,,,,,,,,,,,,False
US,US,US,,,,,,,,,,,US,,,570,Organization,,,,,,,,,,,,,,False
US,US,US,,,,,,,,,,,US,,,572,Organization,,,,,,,,,,,,,,False
US,US,US,,,,,,,,,,,US,,,573,Organization,,,,,,,,,,,,,,False
US,US,US,,,,,,,,,,,US,,,574,Organization,,,,,,,,,,,,,,False
US,US,US,,,,,,,,,,,US,,,575,Organization,,,,,,,,,,,,,,False
US,US,US,,,,,,,,,,,US,,,576,Organization,,,,,,,,,,,,,,False
US,US,US,,,,,,,,,,,US,,,578,Organization,,,,,,,,,,,,,,False
US,US,US,,,,,,,,,,,US,,,583,Organization,,,,,,,,,,,,,,False
US,US,US,,,,,,,,,,,US,,,585,Organization,,,,,,,,,,,,,,False
US,US,US,,,,,,,,,,,US,,,586,Organization,,,,,,,,,,,,,,False
US,US,US,,,,,,,,,,,US,,,590,Organization,,,,,,,,,,,,,,False
US,US,US,,,,,,,,,,,US,,,595,Organization,,,,,,,,,,,,,,False
US,US,US,,,,,,,,,,,US,,,600,Organization,,,,,,,,,,,,,,False
US,US,US,,,,,,,,,,,US,,,601,Organization,,,,,,,,,,,,,,False
US,US,US,,,,,,,,,,,US,,,608,Organization,,,,,,,,,,,,,,False
US,US,US,,,,,,,,,,,US,,,613,Organization,,,,,,,,,,,,,,False
US,US,US,,,,,,,,,,,US,,,614,Organization,,,,,,,,,,,,,,False
US,US,US,,,,,,,,,,,US,,,615,Organization,,,,,,,,,,,,,,False
US,US,US,,,,,,,,,,,US,,,618,Organization,,,,,,,,,,,,,,False
US,US,US,,,,,,,,,,,US,,,619,Organization,,,,,,,,,,,,,,False
US,US,US,,,,,,,,,,,US,,,621,Organization,,,,,,,,,,,,,,False
US,US,US,,,,,,,,,,,US,,,622,Organization,,,,,,,,,,,,,,False
US,US,US,,,,,,,,,,,US,,,623,Organization,,,,,,,,,,,,,,False
US,US,US,,,,,,,,,,,US,,,626,Organization,,,,,,,,,,,,,,False
US,US,US,,,,,,,,,,,US,,,631,Organization,,,,,,,,,,,,,,False
US,US,US,,,,,,,,,,,US,,,632,Organization,,,,,,,,,,,,,,False
US,US,US,,,,,,,,,,,US,,,635,Organization,,,,,,,,,,,,,,False
US,US,US,,,,,,,,,,,US,,,636,Organization,,,,,,,,,,,,,,False
US,US,US,,,,,,,,,,,US,,,638,Organization,,,,,,,,,,,,,,False
US,US,US,,,,,,,,,,,US,,,641,Organization,,,,,,,,,,,,,,False
US,US,US,,,,,,,,,,,US,,,643,Organization,,,,,,,,,,,,,,False
US,US,US,,,,,,,,,,,US,,,644,Organization,,,,,,,,,,,,,,False
US,US,US,,,,,,,,,,,US,,,645,Organization,,,,,,,,,,,,,,False
US,US,US,,,,,,,,,,,US,,,646,Organization,,,,,,,,,,,,,,False
US,US,US,,,,,,,,,,,US,,,648,Organization,,,,,,,,,,,,,,False
US,US,US,,,,,,,,,,,US,,,649,Organization,,,,,,,,,,,,,,False
US,US,US,,,,,,,,,,,US,,,651,Organization,,,,,,,,,,,,,,False
US,US,US,,,,,,,,,,,US,,,652,Organization,,,,,,,,,,,,,,False
US,US,US,,,,,,,,,,,US,,,653,Organization,,,,,,,,,,,,,,False
US,US,US,,,,,,,,,,,US,,,654,Organization,,,,,,,,,,,,,,False
US,US,US,,,,,,,,,,,US,,,655,Organization,,,,,,,,,,,,,,False
US,US,US,,,,,,,,,,,US,,,656,Organization,,,,,,,,,,,,,,False
US,US,US,,,,,,,,,,,US,,,658,Organization,,,,,,,,,,,,,,False
US,US,US,,,,,,,,,,,US,,,660,Organization,,,,,,,,,,,,,,False
US,US,US,,,,,,,,,,,US,,,663,Organization,,,,,,,,,,,,,,False
US,US,US,,,,,,,,,,,US,,,664,Organization,,,,,,,,,,,,,,False
US,US,US,,,,,,,,,,,US,,,665,Organization,,,,,,,,,,,,,,False
US,US,US,,,,,,,,,,,US,,,667,Organization,,,,,,,,,,,,,,False
US,US,US,,,,,,,,,,,US,,,669,Organization,,,,,,,,,,,,,,False
US,US,US,,,,,,,,,,,US,,,670,Organization,,,,,,,,,,,,,,False
US,US,US,,,,,,,,,,,US,,,671,Organization,,,,,,,,,,,,,,False
US,US,US,,,,,,,,,,,US,,,674,Organization,,,,,,,,,,,,,,False
US,US,US,,,,,,,,,,,US,,,675,Organization,,,,,,,,,,,,,,False
US,US,US,,,,,,,,,,,US,,,677,Organization,,,,,,,,,,,,,,False
US,US,US,,,,,,,,,,,US,,,680,Organization,,,,,,,,,,,,,,False
US,US,US,,,,,,,,,,,US,,,681,Organization,,,,,,,,,,,,,,False
US,US,US,,,,,,,,,,,US,,,683,Organization,,,,,,,,,,,,,,False
US,US,US,,,,,,,,,,,US,,,684,Organization,,,,,,,,,,,,,,False
US,US,US,,,,,,,,,,,US,,,685,Organization,,,,,,,,,,,,,,False
US,US,US,,,,,,,,,,,US,,,688,Organization,,,,,,,,,,,,,,False
US,US,US,,,,,,,,,,,US,,,693,Organization,,,,,,,,,,,,,,False
US,US,US,,,,,,,,,,,US,,,694,Organization,,,,,,,,,,,,,,False
US,US,US,,,,,,,,,,,US,,,695,Organization,,,,,,,,,,,,,,False
US,US,US,,,,,,,,,,,US,,,699,Organization,,,,,,,,,,,,,,False
US,US,US,,,,,,,,,,,US,,,700,Organization,,,,,,,,,,,,,,False
US,US,US,,,,,,,,,,,US,,,701,Organization,,,,,,,,,,,,,,False
US,US,US,,,,,,,,,,,US,,,704,Organization,,,,,,,,,,,,,,False
US,US,US,,,,,,,,,,,US,,,705,Organization,,,,,,,,,,,,,,False
US,US,US,,,,,,,,,,,US,,,708,Organization,,,,,,,,,,,,,,False
US,US,US,,,,,,,,,,,US,,,709,Organization,,,,,,,,,,,,,,False
US,US,US,,,,,,,,,,,US,,,710,Organization,,,,,,,,,,,,,,False
US,US,US,,,,,,,,,,,US,,,712,Organization,,,,,,,,,,,,,,False
US,US,US,,,,,,,,,,,US,,,713,Organization,,,,,,,,,,,,,,False
US,US,US,,,,,,,,,,,US,,,715,Organization,,,,,,,,,,,,,,False
US,US,US,,,,,,,,,,,US,,,718,Organization,,,,,,,,,,,,,,False
US,US,US,,,,,,,,,,,US,,,720,Organization,,,,,,,,,,,,,,False
US,US,US,,,,,,,,,,,US,,,722,Organization,,,,,,,,,,,,,,False
US,US,US,,,,,,,,,,,US,,,723,Organization,,,,,,,,,,,,,,False
US,US,US,,,,,,,,,,,US,,,727,Organization,,,,,,,,,,,,,,False
US,US,US,,,,,,,,,,,US,,,729,Organization,,,,,,,,,,,,,,False
US,US,US,,,,,,,,,,,US,,,731,Organization,,,,,,,,,,,,,,False
US,US,US,,,,,,,,,,,US,,,732,Organization,,,,,,,,,,,,,,False
US,US,US,,,,,,,,,,,US,,,733,Organization,,,,,,,,,,,,,,False
US,US,US,,,,,,,,,,,US,,,742,Organization,,,,,,,,,,,,,,False
US,US,US,,,,,,,,,,,US,,,743,Organization,,,,,,,,,,,,,,False
US,US,US,,,,,,,,,,,US,,,745,Organization,,,,,,,,,,,,,,False
US,US,US,,,,,,,,,,,US,,,747,Organization,,,,,,,,,,,,,,False
US,US,US,,,,,,,,,,,US,,,748,Organization,,,,,,,,,,,,,,False
US,US,US,,,,,,,,,,,US,,,751,Organization,,,,,,,,,,,,,,False
US,US,US,,,,,,,,,,,US,,,754,Organization,,,,,,,,,,,,,,False
US,US,US,,,,,,,,,,,US,,,757,Organization,,,,,,,,,,,,,,False
US,US,US,,,,,,,,,,,US,,,759,Organization,,,,,,,,,,,,,,False
US,US,US,,,,,,,,,,,US,,,760,Organization,,,,,,,,,,,,,,False
US,US,US,,,,,,,,,,,US,,,762,Organization,,,,,,,,,,,,,,False
US,US,US,,,,,,,,,,,US,,,764,Organization,,,,,,,,,,,,,,False
US,US,US,,,,,,,,,,,US,,,765,Organization,,,,,,,,,,,,,,False
US,US,US,,,,,,,,,,,US,,,768,Organization,,,,,,,,,,,,,,False
US,US,US,,,,,,,,,,,US,,,772,Organization,,,,,,,,,,,,,,False
US,US,US,,,,,,,,,,,US,,,776,Organization,,,,,,,,,,,,,,False
US,US,US,,,,,,,,,,,US,,,778,Organization,,,,,,,,,,,,,,False
US,US,US,,,,,,,,,,,US,,,780,Organization,,,,,,,,,,,,,,False
US,US,US,,,,,,,,,,,US,,,781,Organization,,,,,,,,,,,,,,False
US,US,US,,,,,,,,,,,US,,,783,Organization,,,,,,,,,,,,,,False
US,US,US,,,,,,,,,,,US,,,784,Organization,,,,,,,,,,,,,,False
US,US,US,,,,,,,,,,,US,,,787,Organization,,,,,,,,,,,,,,False
US,US,US,,,,,,,,,,,US,,,788,Organization,,,,,,,,,,,,,,False
US,US,US,,,,,,,,,,,US,,,792,Organization,,,,,,,,,,,,,,False
US,US,US,,,,,,,,,,,US,,,795,Organization,,,,,,,,,,,,,,False
US,US,US,,,,,,,,,,,US,,,797,Organization,,,,,,,,,,,,,,False
US,US,US,,,,,,,,,,,US,,,799,Organization,,,,,,,,,,,,,,False
US,US,US,,,,,,,,,,,US,,,800,Organization,,,,,,,,,,,,,,False
US,US,US,,,,,,,,,,,US,,,801,Organization,,,,,,,,,,,,,,False
US,US,US,,,,,,,,,,,US,,,802,Organization,,,,,,,,,,,,,,False
US,US,US,,,,,,,,,,,US,,,803,Organization,,,,,,,,,,,,,,False
US,US,US,,,,,,,,,,,US,,,806,Organization,,,,,,,,,,,,,,False
US,US,US,,,,,,,,,,,US,,,807,Organization,,,,,,,,,,,,,,False
US,US,US,,,,,,,,,,,US,,,809,Organization,,,,,,,,,,,,,,False
US,US,US,,,,,,,,,,,US,,,810,Organization,,,,,,,,,,,,,,False
US,US,US,,,,,,,,,,,US,,,811,Organization,,,,,,,,,,,,,,False
US,US,US,,,,,,,,,,,US,,,814,Organization,,,,,,,,,,,,,,False
US,US,US,,,,,,,,,,,US,,,815,Organization,,,,,,,,,,,,,,False
US,US,US,,,,,,,,,,,US,,,818,Organization,,,,,,,,,,,,,,False
US,US,US,,,,,,,,,,,US,,,821,Organization,,,,,,,,,,,,,,False
US,US,US,,,,,,,,,,,US,,,822,Organization,,,,,,,,,,,,,,False
US,US,US,,,,,,,,,,,US,,,826,Organization,,,,,,,,,,,,,,False
US,US,US,,,,,,,,,,,US,,,829,Organization,,,,,,,,,,,,,,False
US,US,US,,,,,,,,,,,US,,,831,Organization,,,,,,,,,,,,,,False
US,US,US,,,,,,,,,,,US,,,832,Organization,,,,,,,,,,,,,,False
US,US,US,,,,,,,,,,,US,,,838,Organization,,,,,,,,,,,,,,False
US,US,US,,,,,,,,,,,US,,,839,Organization,,,,,,,,,,,,,,False
US,US,US,,,,,,,,,,,US,,,842,Organization,,,,,,,,,,,,,,False
US,US,US,,,,,,,,,,,US,,,843,Organization,,,,,,,,,,,,,,False
US,US,US,,,,,,,,,,,US,,,845,Organization,,,,,,,,,,,,,,False
US,US,US,,,,,,,,,,,US,,,846,Organization,,,,,,,,,,,,,,False
US,US,US,,,,,,,,,,,US,,,847,Organization,,,,,,,,,,,,,,False
US,US,US,,,,,,,,,,,US,,,850,Organization,,,,,,,,,,,,,,False
US,US,US,,,,,,,,,,,US,,,852,Organization,,,,,,,,,,,,,,False
US,US,US,,,,,,,,,,,US,,,853,Organization,,,,,,,,,,,,,,False
US,US,US,,,,,,,,,,,US,,,854,Organization,,,,,,,,,,,,,,False
US,US,US,,,,,,,,,,,US,,,855,Organization,,,,,,,,,,,,,,False
US,US,US,,,,,,,,,,,US,,,857,Organization,,,,,,,,,,,,,,False
US,US,US,,,,,,,,,,,US,,,863,Organization,,,,,,,,,,,,,,False
US,US,US,,,,,,,,,,,US,,,864,Organization,,,,,,,,,,,,,,False
US,US,US,,,,,,,,,,,US,,,865,Organization,,,,,,,,,,,,,,False
US,US,US,,,,,,,,,,,US,,,866,Organization,,,,,,,,,,,,,,False
US,US,US,,,,,,,,,,,US,,,867,Organization,,,,,,,,,,,,,,False
US,US,US,,,,,,,,,,,US,,,870,Organization,,,,,,,,,,,,,,False
US,US,US,,,,,,,,,,,US,,,871,Organization,,,,,,,,,,,,,,False
US,US,US,,,,,,,,,,,US,,,872,Organization,,,,,,,,,,,,,,False
US,US,US,,,,,,,,,,,US,,,873,Organization,,,,,,,,,,,,,,False
US,US,US,,,,,,,,,,,US,,,874,Organization,,,,,,,,,,,,,,False
US,US,US,,,,,,,,,,,US,,,876,Organization,,,,,,,,,,,,,,False
US,US,US,,,,,,,,,,,US,,,879,Organization,,,,,,,,,,,,,,False
US,US,US,,,,,,,,,,,US,,,880,Organization,,,,,,,,,,,,,,False
US,US,US,,,,,,,,,,,US,,,882,Organization,,,,,,,,,,,,,,False
US,US,US,,,,,,,,,,,US,,,886,Organization,,,,,,,,,,,,,,False
US,US,US,,,,,,,,,,,US,,,887,Organization,,,,,,,,,,,,,,False
US,US,US,,,,,,,,,,,US,,,888,Organization,,,,,,,,,,,,,,False
US,US,US,,,,,,,,,,,US,,,889,Organization,,,,,,,,,,,,,,False
US,US,US,,,,,,,,,,,US,,,890,Organization,,,,,,,,,,,,,,False
US,US,US,,,,,,,,,,,US,,,891,Organization,,,,,,,,,,,,,,False
US,US,US,,,,,,,,,,,US,,,894,Organization,,,,,,,,,,,,,,False
US,US,US,,,,,,,,,,,US,,,897,Organization,,,,,,,,,,,,,,False
US,US,US,,,,,,,,,,,US,,,898,Organization,,,,,,,,,,,,,,False
US,US,US,,,,,,,,,,,US,,,904,Organization,,,,,,,,,,,,,,False
US,US,US,,,,,,,,,,,US,,,905,Organization,,,,,,,,,,,,,,False
US,US,US,,,,,,,,,,,US,,,906,Organization,,,,,,,,,,,,,,False
US,US,US,,,,,,,,,,,US,,,907,Organization,,,,,,,,,,,,,,False
US,US,US,,,,,,,,,,,US,,,908,Organization,,,,,,,,,,,,,,False
US,US,US,,,,,,,,,,,US,,,909,Organization,,,,,,,,,,,,,,False
US,US,US,,,,,,,,,,,US,,,910,Organization,,,,,,,,,,,,,,False
US,US,US,,,,,,,,,,,US,,,911,Organization,,,,,,,,,,,,,,False
US,US,US,,,,,,,,,,,US,,,912,Organization,,,,,,,,,,,,,,False
US,US,US,,,,,,,,,,,US,,,915,Organization,,,,,,,,,,,,,,False
US,US,US,,,,,,,,,,,US,,,917,Organization,,,,,,,,,,,,,,False
US,US,US,,,,,,,,,,,US,,,918,Organization,,,,,,,,,,,,,,False
US,US,US,,,,,,,,,,,US,,,920,Organization,,,,,,,,,,,,,,False
US,US,US,,,,,,,,,,,US,,,922,Organization,,,,,,,,,,,,,,False
US,US,US,,,,,,,,,,,US,,,926,Organization,,,,,,,,,,,,,,False
US,US,US,,,,,,,,,,,US,,,927,Organization,,,,,,,,,,,,,,False
US,US,US,,,,,,,,,,,US,,,928,Organization,,,,,,,,,,,,,,False
US,US,US,,,,,,,,,,,US,,,929,Organization,,,,,,,,,,,,,,False
US,US,US,,,,,,,,,,,US,,,932,Organization,,,,,,,,,,,,,,False
US,US,US,,,,,,,,,,,US,,,936,Organization,,,,,,,,,,,,,,False
US,US,US,,,,,,,,,,,US,,,942,Organization,,,,,,,,,,,,,,False
US,US,US,,,,,,,,,,,US,,,944,Organization,,,,,,,,,,,,,,False
US,US,US,,,,,,,,,,,US,,,945,Organization,,,,,,,,,,,,,,False
US,US,US,,,,,,,,,,,US,,,951,Organization,,,,,,,,,,,,,,False
US,US,US,,,,,,,,,,,US,,,953,Organization,,,,,,,,,,,,,,False
US,US,US,,,,,,,,,,,US,,,954,Organization,,,,,,,,,,,,,,False
US,US,US,,,,,,,,,,,US,,,956,Organization,,,,,,,,,,,,,,False
US,US,US,,,,,,,,,,,US,,,961,Organization,,,,,,,,,,,,,,False
US,US,US,,,,,,,,,,,US,,,963,Organization,,,,,,,,,,,,,,False
US,US,US,,,,,,,,,,,US,,,966,Organization,,,,,,,,,,,,,,False
US,US,US,,,,,,,,,,,US,,,970,Organization,,,,,,,,,,,,,,False
US,US,US,,,,,,,,,,,US,,,971,Organization,,,,,,,,,,,,,,False
US,US,US,,,,,,,,,,,US,,,973,Organization,,,,,,,,,,,,,,False
US,US,US,,,,,,,,,,,US,,,978,Organization,,,,,,,,,,,,,,False
US,US,US,,,,,,,,,,,US,,,980,Organization,,,,,,,,,,,,,,False
US,US,US,,,,,,,,,,,US,,,981,Organization,,,,,,,,,,,,,,False
US,US,US,,,,,,,,,,,US,,,982,Organization,,,,,,,,,,,,,,False
US,US,US,,,,,,,,,,,US,,,983,Organization,,,,,,,,,,,,,,False
US,US,US,,,,,,,,,,,US,,,984,Organization,,,,,,,,,,,,,,False
US,US,US,,,,,,,,,,,US,,,985,Organization,,,,,,,,,,,,,,False
US,US,US,,,,,,,,,,,US,,,986,Organization,,,,,,,,,,,,,,False
US,US,US,,,,,,,,,,,US,,,987,Organization,,,,,,,,,,,,,,False
US,US,US,,,,,,,,,,,US,,,989,Organization,,,,,,,,,,,,,,False
US,US,US,,,,,,,,,,,US,,,992,Organization,,,,,,,,,,,,,,False
US,US,US,,,,,,,,,,,US,,,993,Organization,,,,,,,,,,,,,,False
US,US,US,,,,,,,,,,,US,,,995,Organization,,,,,,,,,,,,,,False
US,US,US,,,,,,,,,,,US,,,996,Organization,,,,,,,,,,,,,,False
US,US,US,,,,,,,,,,,US,,,997,Organization,,,,,,,,,,,,,,False
US,US,US,,,,,,,,,,,US,,,999,Organization,,,,,,,,,,,,,,False
US,US,US,,,,,,,,,,,US,,,1000,Organization,,,,,,,,,,,,,,False
US,US,US,,,,,,,,,,,US,,,1003,Organization,,,,,,,,,,,,,,False
US,US,US,,,,,,,,,,,US,,,1005,Organization,,,,,,,,,,,,,,False
US,US,US,,,,,,,,,,,US,,,1006,Organization,,,,,,,,,,,,,,False
US,US,US,,,,,,,,,,,US,,,1011,Organization,,,,,,,,,,,,,,False
US,US,US,,,,,,,,,,,US,,,1012,Organization,,,,,,,,,,,,,,False
US,US,US,,,,,,,,,,,US,,,1013,Organization,,,,,,,,,,,,,,False
US,US,US,,,,,,,,,,,US,,,1017,Organization,,,,,,,,,,,,,,False
US,US,US,,,,,,,,,,,US,,,1018,Organization,,,,,,,,,,,,,,False
US,US,US,,,,,,,,,,,US,,,1019,Organization,,,,,,,,,,,,,,False
US,US,US,,,,,,,,,,,US,,,1020,Organization,,,,,,,,,,,,,,False
US,US,US,,,,,,,,,,,US,,,1024,Organization,,,,,,,,,,,,,,False
US,US,US,,,,,,,,,,,US,,,1025,Organization,,,,,,,,,,,,,,False
US,US,US,,,,,,,,,,,US,,,1026,Organization,,,,,,,,,,,,,,False
US,US,US,,,,,,,,,,,US,,,1030,Organization,,,,,,,,,,,,,,False
US,US,US,,,,,,,,,,,US,,,1035,Organization,,,,,,,,,,,,,,False
US,US,US,,,,,,,,,,,US,,,1037,Organization,,,,,,,,,,,,,,False
US,US,US,,,,,,,,,,,US,,,1038,Organization,,,,,,,,,,,,,,False
US,US,US,,,,,,,,,,,US,,,1042,Organization,,,,,,,,,,,,,,False
US,US,US,,,,,,,,,,,US,,,1043,Organization,,,,,,,,,,,,,,False
US,US,US,,,,,,,,,,,US,,,1044,Organization,,,,,,,,,,,,,,False
US,US,US,,,,,,,,,,,US,,,1046,Organization,,,,,,,,,,,,,,False
US,US,US,,,,,,,,,,,US,,,1047,Organization,,,,,,,,,,,,,,False
US,US,US,,,,,,,,,,,US,,,1048,Organization,,,,,,,,,,,,,,False
US,US,US,,,,,,,,,,,US,,,1050,Organization,,,,,,,,,,,,,,False
US,US,US,,,,,,,,,,,US,,,1061,Organization,,,,,,,,,,,,,,False
US,US,US,,,,,,,,,,,US,,,1062,Organization,,,,,,,,,,,,,,False
US,US,US,,,,,,,,,,,US,,,1066,Organization,,,,,,,,,,,,,,False
US,US,US,,,,,,,,,,,US,,,1067,Organization,,,,,,,,,,,,,,False
US,US,US,,,,,,,,,,,US,,,1068,Organization,,,,,,,,,,,,,,False
US,US,US,,,,,,,,,,,US,,,1070,Organization,,,,,,,,,,,,,,False
US,US,US,,,,,,,,,,,US,,,1072,Organization,,,,,,,,,,,,,,False
US,US,US,,,,,,,,,,,US,,,1074,Organization,,,,,,,,,,,,,,False
US,US,US,,,,,,,,,,,US,,,1075,Organization,,,,,,,,,,,,,,False
US,US,US,,,,,,,,,,,US,,,1077,Organization,,,,,,,,,,,,,,False
US,US,US,,,,,,,,,,,US,,,1080,Organization,,,,,,,,,,,,,,False
US,US,US,,,,,,,,,,,US,,,1081,Organization,,,,,,,,,,,,,,False
US,US,US,,,,,,,,,,,US,,,1083,Organization,,,,,,,,,,,,,,False
US,US,US,,,,,,,,,,,US,,,1085,Organization,,,,,,,,,,,,,,False
US,US,US,,,,,,,,,,,US,,,1086,Organization,,,,,,,,,,,,,,False
US,US,US,,,,,,,,,,,US,,,1088,Organization,,,,,,,,,,,,,,False
US,US,US,,,,,,,,,,,US,,,1089,Organization,,,,,,,,,,,,,,False
US,US,US,,,,,,,,,,,US,,,1094,Organization,,,,,,,,,,,,,,False
US,US,US,,,,,,,,,,,US,,,1096,Organization,,,,,,,,,,,,,,False
US,US,US,,,,,,,,,,,US,,,1097,Organization,,,,,,,,,,,,,,False
US,US,US,,,,,,,,,,,US,,,1099,Organization,,,,,,,,,,,,,,False
US,US,US,,,,,,,,,,,US,,,1100,Organization,,,,,,,,,,,,,,False
US,US,US,,,,,,,,,,,US,,,1101,Organization,,,,,,,,,,,,,,False
US,US,US,,,,,,,,,,,US,,,1102,Organization,,,,,,,,,,,,,,False
US,US,US,,,,,,,,,,,US,,,1103,Organization,,,,,,,,,,,,,,False
US,US,US,,,,,,,,,,,US,,,1104,Organization,,,,,,,,,,,,,,False
US,US,US,,,,,,,,,,,US,,,1106,Organization,,,,,,,,,,,,,,False
US,US,US,,,,,,,,,,,US,,,1108,Organization,,,,,,,,,,,,,,False
US,US,US,,,,,,,,,,,US,,,1109,Organization,,,,,,,,,,,,,,False
US,US,US,,,,,,,,,,,US,,,1114,Organization,,,,,,,,,,,,,,False
US,US,US,,,,,,,,,,,US,,,1115,Organization,,,,,,,,,,,,,,False
US,US,US,,,,,,,,,,,US,,,1116,Organization,,,,,,,,,,,,,,False
US,US,US,,,,,,,,,,,US,,,1117,Organization,,,,,,,,,,,,,,False
US,US,US,,,,,,,,,,,US,,,1118,Organization,,,,,,,,,,,,,,False
US,US,US,,,,,,,,,,,US,,,1119,Organization,,,,,,,,,,,,,,False
US,US,US,,,,,,,,,,,US,,,1120,Organization,,,,,,,,,,,,,,False
US,US,US,,,,,,,,,,,US,,,1121,Organization,,,,,,,,,,,,,,False
US,US,US,,,,,,,,,,,US,,,1126,Organization,,,,,,,,,,,,,,False
US,US,US,,,,,,,,,,,US,,,1128,Organization,,,,,,,,,,,,,,False
US,US,US,,,,,,,,,,,US,,,1129,Organization,,,,,,,,,,,,,,False
US,US,US,,,,,,,,,,,US,,,1130,Organization,,,,,,,,,,,,,,False
US,US,US,,,,,,,,,,,US,,,1131,Organization,,,,,,,,,,,,,,False
US,US,US,,,,,,,,,,,US,,,1133,Organization,,,,,,,,,,,,,,False
US,US,US,,,,,,,,,,,US,,,1134,Organization,,,,,,,,,,,,,,False
US,US,US,,,,,,,,,,,US,,,1135,Organization,,,,,,,,,,,,,,False
US,US,US,,,,,,,,,,,US,,,1136,Organization,,,,,,,,,,,,,,False
US,US,US,,,,,,,,,,,US,,,1137,Organization,,,,,,,,,,,,,,False
US,US,US,,,,,,,,,,,US,,,1138,Organization,,,,,,,,,,,,,,False
US,US,US,,,,,,,,,,,US,,,1139,Organization,,,,,,,,,,,,,,False
US,US,US,,,,,,,,,,,US,,,1144,Organization,,,,,,,,,,,,,,False
US,US,US,,,,,,,,,,,US,,,1148,Organization,,,,,,,,,,,,,,False
US,US,US,,,,,,,,,,,US,,,1150,Organization,,,,,,,,,,,,,,False
US,US,US,,,,,,,,,,,US,,,1152,Organization,,,,,,,,,,,,,,False
US,US,US,,,,,,,,,,,US,,,1157,Organization,,,,,,,,,,,,,,False
US,US,US,,,,,,,,,,,US,,,1163,Organization,,,,,,,,,,,,,,False
US,US,US,,,,,,,,,,,US,,,1166,Organization,,,,,,,,,,,,,,False
US,US,US,,,,,,,,,,,US,,,1168,Organization,,,,,,,,,,,,,,False
US,US,US,,,,,,,,,,,US,,,1171,Organization,,,,,,,,,,,,,,False
US,US,US,,,,,,,,,,,US,,,1172,Organization,,,,,,,,,,,,,,False
US,US,US,,,,,,,,,,,US,,,1173,Organization,,,,,,,,,,,,,,False
US,US,US,,,,,,,,,,,US,,,1174,Organization,,,,,,,,,,,,,,False
US,US,US,,,,,,,,,,,US,,,1177,Organization,,,,,,,,,,,,,,False
US,US,US,,,,,,,,,,,US,,,1178,Organization,,,,,,,,,,,,,,False
US,US,US,,,,,,,,,,,US,,,1184,Organization,,,,,,,,,,,,,,False
US,US,US,,,,,,,,,,,US,,,1185,Organization,,,,,,,,,,,,,,False
US,US,US,,,,,,,,,,,US,,,1188,Organization,,,,,,,,,,,,,,False
US,US,US,,,,,,,,,,,US,,,1190,Organization,,,,,,,,,,,,,,False
US,US,US,,,,,,,,,,,US,,,1192,Organization,,,,,,,,,,,,,,False
US,US,US,,,,,,,,,,,US,,,1194,Organization,,,,,,,,,,,,,,False
US,US,US,,,,,,,,,,,US,,,1196,Organization,,,,,,,,,,,,,,False
US,US,US,,,,,,,,,,,US,,,1200,Organization,,,,,,,,,,,,,,False
US,US,US,,,,,,,,,,,US,,,1202,Organization,,,,,,,,,,,,,,False
US,US,US,,,,,,,,,,,US,,,1204,Organization,,,,,,,,,,,,,,False
US,US,US,,,,,,,,,,,US,,,1205,Organization,,,,,,,,,,,,,,False
US,US,US,,,,,,,,,,,US,,,1206,Organization,,,,,,,,,,,,,,False
US,US,US,,,,,,,,,,,US,,,1208,Organization,,,,,,,,,,,,,,False
US,US,US,,,,,,,,,,,US,,,1209,Organization,,,,,,,,,,,,,,False
US,US,US,,,,,,,,,,,US,,,1211,Organization,,,,,,,,,,,,,,False
US,US,US,,,,,,,,,,,US,,,1215,Organization,,,,,,,,,,,,,,False
US,US,US,,,,,,,,,,,US,,,1216,Organization,,,,,,,,,,,,,,False
US,US,US,,,,,,,,,,,US,,,1220,Organization,,,,,,,,,,,,,,False
US,US,US,,,,,,,,,,,US,,,1227,Organization,,,,,,,,,,,,,,False
US,US,US,,,,,,,,,,,US,,,1228,Organization,,,,,,,,,,,,,,False
US,US,US,,,,,,,,,,,US,,,1229,Organization,,,,,,,,,,,,,,False
US,US,US,,,,,,,,,,,US,,,1230,Organization,,,,,,,,,,,,,,False
US,US,US,,,,,,,,,,,US,,,1231,Organization,,,,,,,,,,,,,,False
US,US,US,,,,,,,,,,,US,,,1232,Organization,,,,,,,,,,,,,,False
US,US,US,,,,,,,,,,,US,,,1233,Organization,,,,,,,,,,,,,,False
US,US,US,,,,,,,,,,,US,,,1234,Organization,,,,,,,,,,,,,,False
US,US,US,,,,,,,,,,,US,,,1235,Organization,,,,,,,,,,,,,,False
US,US,US,,,,,,,,,,,US,,,1238,Organization,,,,,,,,,,,,,,False
US,US,US,,,,,,,,,,,US,,,1240,Organization,,,,,,,,,,,,,,False
US,US,US,,,,,,,,,,,US,,,1241,Organization,,,,,,,,,,,,,,False
US,US,US,,,,,,,,,,,US,,,1246,Organization,,,,,,,,,,,,,,False
US,US,US,,,,,,,,,,,US,,,1247,Organization,,,,,,,,,,,,,,False
US,US,US,,,,,,,,,,,US,,,1248,Organization,,,,,,,,,,,,,,False
US,US,US,,,,,,,,,,,US,,,1249,Organization,,,,,,,,,,,,,,False
US,US,US,,,,,,,,,,,US,,,1252,Organization,,,,,,,,,,,,,,False
US,US,US,,,,,,,,,,,US,,,1253,Organization,,,,,,,,,,,,,,False
US,US,US,,,,,,,,,,,US,,,1256,Organization,,,,,,,,,,,,,,False
US,US,US,,,,,,,,,,,US,,,1257,Organization,,,,,,,,,,,,,,False
US,US,US,,,,,,,,,,,US,,,1258,Organization,,,,,,,,,,,,,,False
US,US,US,,,,,,,,,,,US,,,1261,Organization,,,,,,,,,,,,,,False
US,US,US,,,,,,,,,,,US,,,1262,Organization,,,,,,,,,,,,,,False
US,US,US,,,,,,,,,,,US,,,1264,Organization,,,,,,,,,,,,,,False
US,US,US,,,,,,,,,,,US,,,1266,Organization,,,,,,,,,,,,,,False
US,US,US,,,,,,,,,,,US,,,1267,Organization,,,,,,,,,,,,,,False
US,US,US,,,,,,,,,,,US,,,1269,Organization,,,,,,,,,,,,,,False
US,US,US,,,,,,,,,,,US,,,1273,Organization,,,,,,,,,,,,,,False
US,US,US,,,,,,,,,,,US,,,1274,Organization,,,,,,,,,,,,,,False
US,US,US,,,,,,,,,,,US,,,1275,Organization,,,,,,,,,,,,,,False
US,US,US,,,,,,,,,,,US,,,1279,Organization,,,,,,,,,,,,,,False
US,US,US,,,,,,,,,,,US,,,1281,Organization,,,,,,,,,,,,,,False
US,US,US,,,,,,,,,,,US,,,1282,Organization,,,,,,,,,,,,,,False
US,US,US,,,,,,,,,,,US,,,1283,Organization,,,,,,,,,,,,,,False
US,US,US,,,,,,,,,,,US,,,1288,Organization,,,,,,,,,,,,,,False
US,US,US,,,,,,,,,,,US,,,1291,Organization,,,,,,,,,,,,,,False
US,US,US,,,,,,,,,,,US,,,1292,Organization,,,,,,,,,,,,,,False
US,US,US,,,,,,,,,,,US,,,1294,Organization,,,,,,,,,,,,,,False
US,US,US,,,,,,,,,,,US,,,1296,Organization,,,,,,,,,,,,,,False
US,US,US,,,,,,,,,,,US,,,1297,Organization,,,,,,,,,,,,,,False
US,US,US,,,,,,,,,,,US,,,1298,Organization,,,,,,,,,,,,,,False
US,US,US,,,,,,,,,,,US,,,1299,Organization,,,,,,,,,,,,,,False
US,US,US,,,,,,,,,,,US,,,1302,Organization,,,,,,,,,,,,,,False
US,US,US,,,,,,,,,,,US,,,1306,Organization,,,,,,,,,,,,,,False
US,US,US,,,,,,,,,,,US,,,1308,Organization,,,,,,,,,,,,,,False
US,US,US,,,,,,,,,,,US,,,1309,Organization,,,,,,,,,,,,,,False
US,US,US,,,,,,,,,,,US,,,1310,Organization,,,,,,,,,,,,,,False
US,US,US,,,,,,,,,,,US,,,1311,Organization,,,,,,,,,,,,,,False
US,US,US,,,,,,,,,,,US,,,1312,Organization,,,,,,,,,,,,,,False
US,US,US,,,,,,,,,,,US,,,1313,Organization,,,,,,,,,,,,,,False
US,US,US,,,,,,,,,,,US,,,1315,Organization,,,,,,,,,,,,,,False
US,US,US,,,,,,,,,,,US,,,1318,Organization,,,,,,,,,,,,,,False
US,US,US,,,,,,,,,,,US,,,1319,Organization,,,,,,,,,,,,,,False
US,US,US,,,,,,,,,,,US,,,1322,Organization,,,,,,,,,,,,,,False
US,US,US,,,,,,,,,,,US,,,1324,Organization,,,,,,,,,,,,,,False
US,US,US,,,,,,,,,,,US,,,1325,Organization,,,,,,,,,,,,,,False
US,US,US,,,,,,,,,,,US,,,1326,Organization,,,,,,,,,,,,,,False
US,US,US,,,,,,,,,,,US,,,1327,Organization,,,,,,,,,,,,,,False
US,US,US,,,,,,,,,,,US,,,1328,Organization,,,,,,,,,,,,,,False
US,US,US,,,,,,,,,,,US,,,1329,Organization,,,,,,,,,,,,,,False
US,US,US,,,,,,,,,,,US,,,1330,Organization,,,,,,,,,,,,,,False
US,US,US,,,,,,,,,,,US,,,1334,Organization,,,,,,,,,,,,,,False
US,US,US,,,,,,,,,,,US,,,1335,Organization,,,,,,,,,,,,,,False
US,US,US,,,,,,,,,,,US,,,1340,Organization,,,,,,,,,,,,,,False
US,US,US,,,,,,,,,,,US,,,1341,Organization,,,,,,,,,,,,,,False
US,US,US,,,,,,,,,,,US,,,1342,Organization,,,,,,,,,,,,,,False
US,US,US,,,,,,,,,,,US,,,1343,Organization,,,,,,,,,,,,,,False
US,US,US,,,,,,,,,,,US,,,1346,Organization,,,,,,,,,,,,,,False
US,US,US,,,,,,,,,,,US,,,1347,Organization,,,,,,,,,,,,,,False
US,US,US,,,,,,,,,,,US,,,1348,Organization,,,,,,,,,,,,,,False
US,US,US,,,,,,,,,,,US,,,1350,Organization,,,,,,,,,,,,,,False
US,US,US,,,,,,,,,,,US,,,1351,Organization,,,,,,,,,,,,,,False
US,US,US,,,,,,,,,,,US,,,1353,Organization,,,,,,,,,,,,,,False
US,US,US,,,,,,,,,,,US,,,1354,Organization,,,,,,,,,,,,,,False
US,US,US,,,,,,,,,,,US,,,1356,Organization,,,,,,,,,,,,,,False
US,US,US,,,,,,,,,,,US,,,1358,Organization,,,,,,,,,,,,,,False
US,US,US,,,,,,,,,,,US,,,1359,Organization,,,,,,,,,,,,,,False
US,US,US,,,,,,,,,,,US,,,1360,Organization,,,,,,,,,,,,,,False
US,US,US,,,,,,,,,,,US,,,1361,Organization,,,,,,,,,,,,,,False
US,US,US,,,,,,,,,,,US,,,1364,Organization,,,,,,,,,,,,,,False
US,US,US,,,,,,,,,,,US,,,1366,Organization,,,,,,,,,,,,,,False
US,US,US,,,,,,,,,,,US,,,1368,Organization,,,,,,,,,,,,,,False
US,US,US,,,,,,,,,,,US,,,1371,Organization,,,,,,,,,,,,,,False
US,US,US,,,,,,,,,,,US,,,1373,Organization,,,,,,,,,,,,,,False
US,US,US,,,,,,,,,,,US,,,1374,Organization,,,,,,,,,,,,,,False
US,US,US,,,,,,,,,,,US,,,1375,Organization,,,,,,,,,,,,,,False
US,US,US,,,,,,,,,,,US,,,1380,Organization,,,,,,,,,,,,,,False
US,US,US,,,,,,,,,,,US,,,1384,Organization,,,,,,,,,,,,,,False
US,US,US,,,,,,,,,,,US,,,1386,Organization,,,,,,,,,,,,,,False
US,US,US,,,,,,,,,,,US,,,1388,Organization,,,,,,,,,,,,,,False
US,US,US,,,,,,,,,,,US,,,1390,Organization,,,,,,,,,,,,,,False
US,US,US,,,,,,,,,,,US,,,1395,Organization,,,,,,,,,,,,,,False
US,US,US,,,,,,,,,,,US,,,1396,Organization,,,,,,,,,,,,,,False
US,US,US,,,,,,,,,,,US,,,1397,Organization,,,,,,,,,,,,,,False
US,US,US,,,,,,,,,,,US,,,1399,Organization,,,,,,,,,,,,,,False
US,US,US,,,,,,,,,,,US,,,1400,Organization,,,,,,,,,,,,,,False
US,US,US,,,,,,,,,,,US,,,1402,Organization,,,,,,,,,,,,,,False
US,US,US,,,,,,,,,,,US,,,1403,Organization,,,,,,,,,,,,,,False
US,US,US,,,,,,,,,,,US,,,1405,Organization,,,,,,,,,,,,,,False
US,US,US,,,,,,,,,,,US,,,1406,Organization,,,,,,,,,,,,,,False
US,US,US,,,,,,,,,,,US,,,1413,Organization,,,,,,,,,,,,,,False
US,US,US,,,,,,,,,,,US,,,1417,Organization,,,,,,,,,,,,,,False
US,US,US,,,,,,,,,,,US,,,1418,Organization,,,,,,,,,,,,,,False
US,US,US,,,,,,,,,,,US,,,1421,Organization,,,,,,,,,,,,,,False
US,US,US,,,,,,,,,,,US,,,1422,Organization,,,,,,,,,,,,,,False
US,US,US,,,,,,,,,,,US,,,1424,Organization,,,,,,,,,,,,,,False
US,US,US,,,,,,,,,,,US,,,1431,Organization,,,,,,,,,,,,,,False
US,US,US,,,,,,,,,,,US,,,1433,Organization,,,,,,,,,,,,,,False
US,US,US,,,,,,,,,,,US,,,1434,Organization,,,,,,,,,,,,,,False
US,US,US,,,,,,,,,,,US,,,1436,Organization,,,,,,,,,,,,,,False
US,US,US,,,,,,,,,,,US,,,1437,Organization,,,,,,,,,,,,,,False
US,US,US,,,,,,,,,,,US,,,1438,Organization,,,,,,,,,,,,,,False
US,US,US,,,,,,,,,,,US,,,1441,Organization,,,,,,,,,,,,,,False
US,US,US,,,,,,,,,,,US,,,1444,Organization,,,,,,,,,,,,,,False
