birthPlaceCountry,countryofResidency,deathTime,firstName,isActive,lastName,legalName,listedCompany,maritalStatus,middleName,name,nameAlias,nationality,occupation,organizationSymbol,partyId,partyType,sourceOfIncome,title,website,gender,homePhone,alternatePhone,cellPhone,primaryPhone,workPhone,alternateEmail,companyEmail,personalEmail,workEmail,isIndividual
US,US,,,1,,,,,,,,US,,,1,Individual,,,,,,,,,,,,,,
US,US,,,1,,,,,,,,US,,,4,Individual,,,,,,,,,,,,,,
US,US,,,1,,,,,,,,US,,,8,Individual,,,,,,,,,,,,,,
US,US,,,1,,,,,,,,US,,,13,Individual,,,,,,,,,,,,,,
US,US,,,1,,,,,,,,US,,,15,Individual,,,,,,,,,,,,,,
US,US,,,1,,,,,,,,US,,,16,Individual,,,,,,,,,,,,,,
US,US,,,1,,,,,,,,US,,,17,Individual,,,,,,,,,,,,,,
US,US,,,1,,,,,,,,US,,,19,Individual,,,,,,,,,,,,,,
US,US,,,1,,,,,,,,US,,,21,Individual,,,,,,,,,,,,,,
US,US,,,1,,,,,,,,US,,,22,Individual,,,,,,,,,,,,,,
US,US,,,1,,,,,,,,US,,,23,Individual,,,,,,,,,,,,,,
US,US,,,1,,,,,,,,US,,,28,Individual,,,,,,,,,,,,,,
US,US,,,1,,,,,,,,US,,,29,Individual,,,,,,,,,,,,,,
US,US,,,1,,,,,,,,US,,,30,Individual,,,,,,,,,,,,,,
US,US,,,1,,,,,,,,US,,,35,Individual,,,,,,,,,,,,,,
US,US,,,1,,,,,,,,US,,,36,Individual,,,,,,,,,,,,,,
US,US,,,1,,,,,,,,US,,,38,Individual,,,,,,,,,,,,,,
US,US,,,1,,,,,,,,US,,,40,Individual,,,,,,,,,,,,,,
US,US,,,1,,,,,,,,US,,,41,Individual,,,,,,,,,,,,,,
US,US,,,1,,,,,,,,US,,,42,Individual,,,,,,,,,,,,,,
US,US,,,1,,,,,,,,US,,,44,Individual,,,,,,,,,,,,,,
US,US,,,1,,,,,,,,US,,,45,Individual,,,,,,,,,,,,,,
US,US,,,1,,,,,,,,US,,,46,Individual,,,,,,,,,,,,,,
US,US,,,1,,,,,,,,US,,,48,Individual,,,,,,,,,,,,,,
US,US,,,1,,,,,,,,US,,,49,Individual,,,,,,,,,,,,,,
US,US,,,1,,,,,,,,US,,,50,Individual,,,,,,,,,,,,,,
US,US,,,1,,,,,,,,US,,,54,Individual,,,,,,,,,,,,,,
US,US,,,1,,,,,,,,US,,,55,Individual,,,,,,,,,,,,,,
US,US,,,1,,,,,,,,US,,,56,Individual,,,,,,,,,,,,,,
US,US,,,1,,,,,,,,US,,,57,Individual,,,,,,,,,,,,,,
US,US,,,1,,,,,,,,US,,,58,Individual,,,,,,,,,,,,,,
US,US,,,1,,,,,,,,US,,,59,Individual,,,,,,,,,,,,,,
US,US,,,1,,,,,,,,US,,,61,Individual,,,,,,,,,,,,,,
US,US,,,1,,,,,,,,US,,,62,Individual,,,,,,,,,,,,,,
US,US,,,1,,,,,,,,US,,,65,Individual,,,,,,,,,,,,,,
US,US,,,1,,,,,,,,US,,,66,Individual,,,,,,,,,,,,,,
US,US,,,1,,,,,,,,US,,,69,Individual,,,,,,,,,,,,,,
US,US,,,1,,,,,,,,US,,,70,Individual,,,,,,,,,,,,,,
US,US,,,1,,,,,,,,US,,,73,Individual,,,,,,,,,,,,,,
US,US,,,1,,,,,,,,US,,,74,Individual,,,,,,,,,,,,,,
US,US,,,1,,,,,,,,US,,,76,Individual,,,,,,,,,,,,,,
US,US,,,1,,,,,,,,US,,,79,Individual,,,,,,,,,,,,,,
US,US,,,1,,,,,,,,US,,,80,Individual,,,,,,,,,,,,,,
US,US,,,1,,,,,,,,US,,,81,Individual,,,,,,,,,,,,,,
US,US,,,1,,,,,,,,US,,,83,Individual,,,,,,,,,,,,,,
US,US,,,1,,,,,,,,US,,,85,Individual,,,,,,,,,,,,,,
US,US,,,1,,,,,,,,US,,,86,Individual,,,,,,,,,,,,,,
US,US,,,1,,,,,,,,US,,,87,Individual,,,,,,,,,,,,,,
US,US,,,1,,,,,,,,US,,,88,Individual,,,,,,,,,,,,,,
US,US,,,1,,,,,,,,US,,,90,Individual,,,,,,,,,,,,,,
US,US,,,1,,,,,,,,US,,,91,Individual,,,,,,,,,,,,,,
US,US,,,1,,,,,,,,US,,,92,Individual,,,,,,,,,,,,,,
US,US,,,1,,,,,,,,US,,,94,Individual,,,,,,,,,,,,,,
US,US,,,1,,,,,,,,US,,,96,Individual,,,,,,,,,,,,,,
US,US,,,1,,,,,,,,US,,,98,Individual,,,,,,,,,,,,,,
US,US,,,1,,,,,,,,US,,,99,Individual,,,,,,,,,,,,,,
US,US,,,1,,,,,,,,US,,,106,Individual,,,,,,,,,,,,,,
US,US,,,1,,,,,,,,US,,,107,Individual,,,,,,,,,,,,,,
US,US,,,1,,,,,,,,US,,,112,Individual,,,,,,,,,,,,,,
US,US,,,1,,,,,,,,US,,,113,Individual,,,,,,,,,,,,,,
US,US,,,1,,,,,,,,US,,,114,Individual,,,,,,,,,,,,,,
US,US,,,1,,,,,,,,US,,,115,Individual,,,,,,,,,,,,,,
US,US,,,1,,,,,,,,US,,,117,Individual,,,,,,,,,,,,,,
US,US,,,1,,,,,,,,US,,,118,Individual,,,,,,,,,,,,,,
US,US,,,1,,,,,,,,US,,,125,Individual,,,,,,,,,,,,,,
US,US,,,1,,,,,,,,US,,,127,Individual,,,,,,,,,,,,,,
US,US,,,1,,,,,,,,US,,,128,Individual,,,,,,,,,,,,,,
US,US,,,1,,,,,,,,US,,,129,Individual,,,,,,,,,,,,,,
US,US,,,1,,,,,,,,US,,,135,Individual,,,,,,,,,,,,,,
US,US,,,1,,,,,,,,US,,,137,Individual,,,,,,,,,,,,,,
US,US,,,1,,,,,,,,US,,,138,Individual,,,,,,,,,,,,,,
US,US,,,1,,,,,,,,US,,,141,Individual,,,,,,,,,,,,,,
US,US,,,1,,,,,,,,US,,,142,Individual,,,,,,,,,,,,,,
US,US,,,1,,,,,,,,US,,,143,Individual,,,,,,,,,,,,,,
US,US,,,1,,,,,,,,US,,,146,Individual,,,,,,,,,,,,,,
US,US,,,1,,,,,,,,US,,,148,Individual,,,,,,,,,,,,,,
US,US,,,1,,,,,,,,US,,,149,Individual,,,,,,,,,,,,,,
US,US,,,1,,,,,,,,US,,,150,Individual,,,,,,,,,,,,,,
US,US,,,1,,,,,,,,US,,,153,Individual,,,,,,,,,,,,,,
US,US,,,1,,,,,,,,US,,,154,Individual,,,,,,,,,,,,,,
US,US,,,1,,,,,,,,US,,,157,Individual,,,,,,,,,,,,,,
US,US,,,1,,,,,,,,US,,,159,Individual,,,,,,,,,,,,,,
US,US,,,1,,,,,,,,US,,,160,Individual,,,,,,,,,,,,,,
US,US,,,1,,,,,,,,US,,,163,Individual,,,,,,,,,,,,,,
US,US,,,1,,,,,,,,US,,,164,Individual,,,,,,,,,,,,,,
US,US,,,1,,,,,,,,US,,,167,Individual,,,,,,,,,,,,,,
US,US,,,1,,,,,,,,US,,,171,Individual,,,,,,,,,,,,,,
US,US,,,1,,,,,,,,US,,,172,Individual,,,,,,,,,,,,,,
US,US,,,1,,,,,,,,US,,,173,Individual,,,,,,,,,,,,,,
US,US,,,1,,,,,,,,US,,,174,Individual,,,,,,,,,,,,,,
US,US,,,1,,,,,,,,US,,,178,Individual,,,,,,,,,,,,,,
US,US,,,1,,,,,,,,US,,,180,Individual,,,,,,,,,,,,,,
US,US,,,1,,,,,,,,US,,,184,Individual,,,,,,,,,,,,,,
US,US,,,1,,,,,,,,US,,,187,Individual,,,,,,,,,,,,,,
US,US,,,1,,,,,,,,US,,,188,Individual,,,,,,,,,,,,,,
US,US,,,1,,,,,,,,US,,,189,Individual,,,,,,,,,,,,,,
US,US,,,1,,,,,,,,US,,,190,Individual,,,,,,,,,,,,,,
US,US,,,1,,,,,,,,US,,,192,Individual,,,,,,,,,,,,,,
US,US,,,1,,,,,,,,US,,,193,Individual,,,,,,,,,,,,,,
US,US,,,1,,,,,,,,US,,,194,Individual,,,,,,,,,,,,,,
US,US,,,1,,,,,,,,US,,,197,Individual,,,,,,,,,,,,,,
US,US,,,1,,,,,,,,US,,,198,Individual,,,,,,,,,,,,,,
US,US,,,1,,,,,,,,US,,,199,Individual,,,,,,,,,,,,,,
US,US,,,1,,,,,,,,US,,,205,Individual,,,,,,,,,,,,,,
US,US,,,1,,,,,,,,US,,,207,Individual,,,,,,,,,,,,,,
US,US,,,1,,,,,,,,US,,,208,Individual,,,,,,,,,,,,,,
US,US,,,1,,,,,,,,US,,,211,Individual,,,,,,,,,,,,,,
US,US,,,1,,,,,,,,US,,,212,Individual,,,,,,,,,,,,,,
US,US,,,1,,,,,,,,US,,,216,Individual,,,,,,,,,,,,,,
US,US,,,1,,,,,,,,US,,,217,Individual,,,,,,,,,,,,,,
US,US,,,1,,,,,,,,US,,,219,Individual,,,,,,,,,,,,,,
US,US,,,1,,,,,,,,US,,,223,Individual,,,,,,,,,,,,,,
US,US,,,1,,,,,,,,US,,,225,Individual,,,,,,,,,,,,,,
US,US,,,1,,,,,,,,US,,,230,Individual,,,,,,,,,,,,,,
US,US,,,1,,,,,,,,US,,,232,Individual,,,,,,,,,,,,,,
US,US,,,1,,,,,,,,US,,,233,Individual,,,,,,,,,,,,,,
US,US,,,1,,,,,,,,US,,,235,Individual,,,,,,,,,,,,,,
US,US,,,1,,,,,,,,US,,,237,Individual,,,,,,,,,,,,,,
US,US,,,1,,,,,,,,US,,,238,Individual,,,,,,,,,,,,,,
US,US,,,1,,,,,,,,US,,,239,Individual,,,,,,,,,,,,,,
US,US,,,1,,,,,,,,US,,,240,Individual,,,,,,,,,,,,,,
US,US,,,1,,,,,,,,US,,,241,Individual,,,,,,,,,,,,,,
US,US,,,1,,,,,,,,US,,,242,Individual,,,,,,,,,,,,,,
US,US,,,1,,,,,,,,US,,,243,Individual,,,,,,,,,,,,,,
US,US,,,1,,,,,,,,US,,,244,Individual,,,,,,,,,,,,,,
US,US,,,1,,,,,,,,US,,,248,Individual,,,,,,,,,,,,,,
US,US,,,1,,,,,,,,US,,,252,Individual,,,,,,,,,,,,,,
US,US,,,1,,,,,,,,US,,,256,Individual,,,,,,,,,,,,,,
US,US,,,1,,,,,,,,US,,,257,Individual,,,,,,,,,,,,,,
US,US,,,1,,,,,,,,US,,,259,Individual,,,,,,,,,,,,,,
US,US,,,1,,,,,,,,US,,,261,Individual,,,,,,,,,,,,,,
US,US,,,1,,,,,,,,US,,,263,Individual,,,,,,,,,,,,,,
US,US,,,1,,,,,,,,US,,,264,Individual,,,,,,,,,,,,,,
US,US,,,1,,,,,,,,US,,,267,Individual,,,,,,,,,,,,,,
US,US,,,1,,,,,,,,US,,,273,Individual,,,,,,,,,,,,,,
US,US,,,1,,,,,,,,US,,,276,Individual,,,,,,,,,,,,,,
US,US,,,1,,,,,,,,US,,,277,Individual,,,,,,,,,,,,,,
US,US,,,1,,,,,,,,US,,,279,Individual,,,,,,,,,,,,,,
US,US,,,1,,,,,,,,US,,,282,Individual,,,,,,,,,,,,,,
US,US,,,1,,,,,,,,US,,,284,Individual,,,,,,,,,,,,,,
US,US,,,1,,,,,,,,US,,,285,Individual,,,,,,,,,,,,,,
US,US,,,1,,,,,,,,US,,,288,Individual,,,,,,,,,,,,,,
US,US,,,1,,,,,,,,US,,,289,Individual,,,,,,,,,,,,,,
US,US,,,1,,,,,,,,US,,,291,Individual,,,,,,,,,,,,,,
US,US,,,1,,,,,,,,US,,,293,Individual,,,,,,,,,,,,,,
US,US,,,1,,,,,,,,US,,,294,Individual,,,,,,,,,,,,,,
US,US,,,1,,,,,,,,US,,,295,Individual,,,,,,,,,,,,,,
US,US,,,1,,,,,,,,US,,,299,Individual,,,,,,,,,,,,,,
US,US,,,1,,,,,,,,US,,,300,Individual,,,,,,,,,,,,,,
US,US,,,1,,,,,,,,US,,,307,Individual,,,,,,,,,,,,,,
US,US,,,1,,,,,,,,US,,,314,Individual,,,,,,,,,,,,,,
US,US,,,1,,,,,,,,US,,,315,Individual,,,,,,,,,,,,,,
US,US,,,1,,,,,,,,US,,,316,Individual,,,,,,,,,,,,,,
US,US,,,1,,,,,,,,US,,,318,Individual,,,,,,,,,,,,,,
US,US,,,1,,,,,,,,US,,,319,Individual,,,,,,,,,,,,,,
US,US,,,1,,,,,,,,US,,,323,Individual,,,,,,,,,,,,,,
US,US,,,1,,,,,,,,US,,,330,Individual,,,,,,,,,,,,,,
US,US,,,1,,,,,,,,US,,,334,Individual,,,,,,,,,,,,,,
US,US,,,1,,,,,,,,US,,,336,Individual,,,,,,,,,,,,,,
US,US,,,1,,,,,,,,US,,,337,Individual,,,,,,,,,,,,,,
US,US,,,1,,,,,,,,US,,,338,Individual,,,,,,,,,,,,,,
US,US,,,1,,,,,,,,US,,,339,Individual,,,,,,,,,,,,,,
US,US,,,1,,,,,,,,US,,,341,Individual,,,,,,,,,,,,,,
US,US,,,1,,,,,,,,US,,,344,Individual,,,,,,,,,,,,,,
US,US,,,1,,,,,,,,US,,,349,Individual,,,,,,,,,,,,,,
US,US,,,1,,,,,,,,US,,,352,Individual,,,,,,,,,,,,,,
US,US,,,1,,,,,,,,US,,,354,Individual,,,,,,,,,,,,,,
US,US,,,1,,,,,,,,US,,,355,Individual,,,,,,,,,,,,,,
US,US,,,1,,,,,,,,US,,,356,Individual,,,,,,,,,,,,,,
US,US,,,1,,,,,,,,US,,,357,Individual,,,,,,,,,,,,,,
US,US,,,1,,,,,,,,US,,,363,Individual,,,,,,,,,,,,,,
US,US,,,1,,,,,,,,US,,,366,Individual,,,,,,,,,,,,,,
US,US,,,1,,,,,,,,US,,,370,Individual,,,,,,,,,,,,,,
US,US,,,1,,,,,,,,US,,,371,Individual,,,,,,,,,,,,,,
US,US,,,1,,,,,,,,US,,,374,Individual,,,,,,,,,,,,,,
US,US,,,1,,,,,,,,US,,,376,Individual,,,,,,,,,,,,,,
US,US,,,1,,,,,,,,US,,,378,Individual,,,,,,,,,,,,,,
US,US,,,1,,,,,,,,US,,,382,Individual,,,,,,,,,,,,,,
US,US,,,1,,,,,,,,US,,,383,Individual,,,,,,,,,,,,,,
US,US,,,1,,,,,,,,US,,,384,Individual,,,,,,,,,,,,,,
US,US,,,1,,,,,,,,US,,,388,Individual,,,,,,,,,,,,,,
US,US,,,1,,,,,,,,US,,,389,Individual,,,,,,,,,,,,,,
US,US,,,1,,,,,,,,US,,,391,Individual,,,,,,,,,,,,,,
US,US,,,1,,,,,,,,US,,,394,Individual,,,,,,,,,,,,,,
US,US,,,1,,,,,,,,US,,,395,Individual,,,,,,,,,,,,,,
US,US,,,1,,,,,,,,US,,,397,Individual,,,,,,,,,,,,,,
US,US,,,1,,,,,,,,US,,,398,Individual,,,,,,,,,,,,,,
US,US,,,1,,,,,,,,US,,,400,Individual,,,,,,,,,,,,,,
US,US,,,1,,,,,,,,US,,,402,Individual,,,,,,,,,,,,,,
US,US,,,1,,,,,,,,US,,,403,Individual,,,,,,,,,,,,,,
US,US,,,1,,,,,,,,US,,,404,Individual,,,,,,,,,,,,,,
US,US,,,1,,,,,,,,US,,,405,Individual,,,,,,,,,,,,,,
US,US,,,1,,,,,,,,US,,,406,Individual,,,,,,,,,,,,,,
US,US,,,1,,,,,,,,US,,,408,Individual,,,,,,,,,,,,,,
US,US,,,1,,,,,,,,US,,,409,Individual,,,,,,,,,,,,,,
US,US,,,1,,,,,,,,US,,,410,Individual,,,,,,,,,,,,,,
US,US,,,1,,,,,,,,US,,,411,Individual,,,,,,,,,,,,,,
US,US,,,1,,,,,,,,US,,,412,Individual,,,,,,,,,,,,,,
US,US,,,1,,,,,,,,US,,,414,Individual,,,,,,,,,,,,,,
US,US,,,1,,,,,,,,US,,,415,Individual,,,,,,,,,,,,,,
US,US,,,1,,,,,,,,US,,,416,Individual,,,,,,,,,,,,,,
US,US,,,1,,,,,,,,US,,,417,Individual,,,,,,,,,,,,,,
US,US,,,1,,,,,,,,US,,,419,Individual,,,,,,,,,,,,,,
US,US,,,1,,,,,,,,US,,,420,Individual,,,,,,,,,,,,,,
US,US,,,1,,,,,,,,US,,,424,Individual,,,,,,,,,,,,,,
US,US,,,1,,,,,,,,US,,,426,Individual,,,,,,,,,,,,,,
US,US,,,1,,,,,,,,US,,,428,Individual,,,,,,,,,,,,,,
US,US,,,1,,,,,,,,US,,,431,Individual,,,,,,,,,,,,,,
US,US,,,1,,,,,,,,US,,,433,Individual,,,,,,,,,,,,,,
US,US,,,1,,,,,,,,US,,,436,Individual,,,,,,,,,,,,,,
US,US,,,1,,,,,,,,US,,,437,Individual,,,,,,,,,,,,,,
US,US,,,1,,,,,,,,US,,,438,Individual,,,,,,,,,,,,,,
US,US,,,1,,,,,,,,US,,,439,Individual,,,,,,,,,,,,,,
US,US,,,1,,,,,,,,US,,,442,Individual,,,,,,,,,,,,,,
US,US,,,1,,,,,,,,US,,,443,Individual,,,,,,,,,,,,,,
US,US,,,1,,,,,,,,US,,,444,Individual,,,,,,,,,,,,,,
US,US,,,1,,,,,,,,US,,,447,Individual,,,,,,,,,,,,,,
US,US,,,1,,,,,,,,US,,,450,Individual,,,,,,,,,,,,,,
US,US,,,1,,,,,,,,US,,,453,Individual,,,,,,,,,,,,,,
US,US,,,1,,,,,,,,US,,,454,Individual,,,,,,,,,,,,,,
US,US,,,1,,,,,,,,US,,,457,Individual,,,,,,,,,,,,,,
US,US,,,1,,,,,,,,US,,,462,Individual,,,,,,,,,,,,,,
US,US,,,1,,,,,,,,US,,,464,Individual,,,,,,,,,,,,,,
US,US,,,1,,,,,,,,US,,,467,Individual,,,,,,,,,,,,,,
US,US,,,1,,,,,,,,US,,,468,Individual,,,,,,,,,,,,,,
US,US,,,1,,,,,,,,US,,,470,Individual,,,,,,,,,,,,,,
US,US,,,1,,,,,,,,US,,,471,Individual,,,,,,,,,,,,,,
US,US,,,1,,,,,,,,US,,,474,Individual,,,,,,,,,,,,,,
US,US,,,1,,,,,,,,US,,,475,Individual,,,,,,,,,,,,,,
US,US,,,1,,,,,,,,US,,,477,Individual,,,,,,,,,,,,,,
US,US,,,1,,,,,,,,US,,,479,Individual,,,,,,,,,,,,,,
US,US,,,1,,,,,,,,US,,,483,Individual,,,,,,,,,,,,,,
US,US,,,1,,,,,,,,US,,,484,Individual,,,,,,,,,,,,,,
US,US,,,1,,,,,,,,US,,,485,Individual,,,,,,,,,,,,,,
US,US,,,1,,,,,,,,US,,,486,Individual,,,,,,,,,,,,,,
US,US,,,1,,,,,,,,US,,,487,Individual,,,,,,,,,,,,,,
US,US,,,1,,,,,,,,US,,,491,Individual,,,,,,,,,,,,,,
US,US,,,1,,,,,,,,US,,,492,Individual,,,,,,,,,,,,,,
US,US,,,1,,,,,,,,US,,,495,Individual,,,,,,,,,,,,,,
US,US,,,1,,,,,,,,US,,,496,Individual,,,,,,,,,,,,,,
US,US,,,1,,,,,,,,US,,,497,Individual,,,,,,,,,,,,,,
US,US,,,1,,,,,,,,US,,,500,Individual,,,,,,,,,,,,,,
US,US,,,1,,,,,,,,US,,,503,Individual,,,,,,,,,,,,,,
US,US,,,1,,,,,,,,US,,,506,Individual,,,,,,,,,,,,,,
US,US,,,1,,,,,,,,US,,,507,Individual,,,,,,,,,,,,,,
US,US,,,1,,,,,,,,US,,,508,Individual,,,,,,,,,,,,,,
US,US,,,1,,,,,,,,US,,,509,Individual,,,,,,,,,,,,,,
US,US,,,1,,,,,,,,US,,,512,Individual,,,,,,,,,,,,,,
US,US,,,1,,,,,,,,US,,,513,Individual,,,,,,,,,,,,,,
US,US,,,1,,,,,,,,US,,,515,Individual,,,,,,,,,,,,,,
US,US,,,1,,,,,,,,US,,,518,Individual,,,,,,,,,,,,,,
US,US,,,1,,,,,,,,US,,,519,Individual,,,,,,,,,,,,,,
US,US,,,1,,,,,,,,US,,,520,Individual,,,,,,,,,,,,,,
US,US,,,1,,,,,,,,US,,,522,Individual,,,,,,,,,,,,,,
US,US,,,1,,,,,,,,US,,,524,Individual,,,,,,,,,,,,,,
US,US,,,1,,,,,,,,US,,,525,Individual,,,,,,,,,,,,,,
US,US,,,1,,,,,,,,US,,,526,Individual,,,,,,,,,,,,,,
US,US,,,1,,,,,,,,US,,,529,Individual,,,,,,,,,,,,,,
US,US,,,1,,,,,,,,US,,,532,Individual,,,,,,,,,,,,,,
US,US,,,1,,,,,,,,US,,,533,Individual,,,,,,,,,,,,,,
US,US,,,1,,,,,,,,US,,,535,Individual,,,,,,,,,,,,,,
US,US,,,1,,,,,,,,US,,,538,Individual,,,,,,,,,,,,,,
US,US,,,1,,,,,,,,US,,,541,Individual,,,,,,,,,,,,,,
US,US,,,1,,,,,,,,US,,,543,Individual,,,,,,,,,,,,,,
US,US,,,1,,,,,,,,US,,,544,Individual,,,,,,,,,,,,,,
US,US,,,1,,,,,,,,US,,,545,Individual,,,,,,,,,,,,,,
US,US,,,1,,,,,,,,US,,,548,Individual,,,,,,,,,,,,,,
US,US,,,1,,,,,,,,US,,,550,Individual,,,,,,,,,,,,,,
US,US,,,1,,,,,,,,US,,,551,Individual,,,,,,,,,,,,,,
US,US,,,1,,,,,,,,US,,,553,Individual,,,,,,,,,,,,,,
US,US,,,1,,,,,,,,US,,,555,Individual,,,,,,,,,,,,,,
US,US,,,1,,,,,,,,US,,,556,Individual,,,,,,,,,,,,,,
US,US,,,1,,,,,,,,US,,,559,Individual,,,,,,,,,,,,,,
US,US,,,1,,,,,,,,US,,,561,Individual,,,,,,,,,,,,,,
US,US,,,1,,,,,,,,US,,,563,Individual,,,,,,,,,,,,,,
US,US,,,1,,,,,,,,US,,,564,Individual,,,,,,,,,,,,,,
US,US,,,1,,,,,,,,US,,,565,Individual,,,,,,,,,,,,,,
US,US,,,1,,,,,,,,US,,,566,Individual,,,,,,,,,,,,,,
US,US,,,1,,,,,,,,US,,,567,Individual,,,,,,,,,,,,,,
US,US,,,1,,,,,,,,US,,,568,Individual,,,,,,,,,,,,,,
US,US,,,1,,,,,,,,US,,,570,Individual,,,,,,,,,,,,,,
US,US,,,1,,,,,,,,US,,,572,Individual,,,,,,,,,,,,,,
US,US,,,1,,,,,,,,US,,,573,Individual,,,,,,,,,,,,,,
US,US,,,1,,,,,,,,US,,,574,Individual,,,,,,,,,,,,,,
US,US,,,1,,,,,,,,US,,,576,Individual,,,,,,,,,,,,,,
US,US,,,1,,,,,,,,US,,,579,Individual,,,,,,,,,,,,,,
US,US,,,1,,,,,,,,US,,,580,Individual,,,,,,,,,,,,,,
US,US,,,1,,,,,,,,US,,,581,Individual,,,,,,,,,,,,,,
US,US,,,1,,,,,,,,US,,,584,Individual,,,,,,,,,,,,,,
US,US,,,1,,,,,,,,US,,,590,Individual,,,,,,,,,,,,,,
US,US,,,1,,,,,,,,US,,,591,Individual,,,,,,,,,,,,,,
US,US,,,1,,,,,,,,US,,,593,Individual,,,,,,,,,,,,,,
US,US,,,1,,,,,,,,US,,,597,Individual,,,,,,,,,,,,,,
US,US,,,1,,,,,,,,US,,,598,Individual,,,,,,,,,,,,,,
US,US,,,1,,,,,,,,US,,,601,Individual,,,,,,,,,,,,,,
US,US,,,1,,,,,,,,US,,,603,Individual,,,,,,,,,,,,,,
US,US,,,1,,,,,,,,US,,,604,Individual,,,,,,,,,,,,,,
US,US,,,1,,,,,,,,US,,,608,Individual,,,,,,,,,,,,,,
US,US,,,1,,,,,,,,US,,,611,Individual,,,,,,,,,,,,,,
US,US,,,1,,,,,,,,US,,,612,Individual,,,,,,,,,,,,,,
US,US,,,1,,,,,,,,US,,,613,Individual,,,,,,,,,,,,,,
US,US,,,1,,,,,,,,US,,,617,Individual,,,,,,,,,,,,,,
US,US,,,1,,,,,,,,US,,,620,Individual,,,,,,,,,,,,,,
US,US,,,1,,,,,,,,US,,,621,Individual,,,,,,,,,,,,,,
US,US,,,1,,,,,,,,US,,,624,Individual,,,,,,,,,,,,,,
US,US,,,1,,,,,,,,US,,,626,Individual,,,,,,,,,,,,,,
US,US,,,1,,,,,,,,US,,,627,Individual,,,,,,,,,,,,,,
US,US,,,1,,,,,,,,US,,,628,Individual,,,,,,,,,,,,,,
US,US,,,1,,,,,,,,US,,,629,Individual,,,,,,,,,,,,,,
US,US,,,1,,,,,,,,US,,,633,Individual,,,,,,,,,,,,,,
US,US,,,1,,,,,,,,US,,,634,Individual,,,,,,,,,,,,,,
US,US,,,1,,,,,,,,US,,,635,Individual,,,,,,,,,,,,,,
US,US,,,1,,,,,,,,US,,,637,Individual,,,,,,,,,,,,,,
US,US,,,1,,,,,,,,US,,,639,Individual,,,,,,,,,,,,,,
US,US,,,1,,,,,,,,US,,,640,Individual,,,,,,,,,,,,,,
US,US,,,1,,,,,,,,US,,,641,Individual,,,,,,,,,,,,,,
US,US,,,1,,,,,,,,US,,,642,Individual,,,,,,,,,,,,,,
US,US,,,1,,,,,,,,US,,,646,Individual,,,,,,,,,,,,,,
US,US,,,1,,,,,,,,US,,,647,Individual,,,,,,,,,,,,,,
US,US,,,1,,,,,,,,US,,,648,Individual,,,,,,,,,,,,,,
US,US,,,1,,,,,,,,US,,,649,Individual,,,,,,,,,,,,,,
US,US,,,1,,,,,,,,US,,,650,Individual,,,,,,,,,,,,,,
US,US,,,1,,,,,,,,US,,,651,Individual,,,,,,,,,,,,,,
US,US,,,1,,,,,,,,US,,,653,Individual,,,,,,,,,,,,,,
US,US,,,1,,,,,,,,US,,,654,Individual,,,,,,,,,,,,,,
US,US,,,1,,,,,,,,US,,,655,Individual,,,,,,,,,,,,,,
US,US,,,1,,,,,,,,US,,,656,Individual,,,,,,,,,,,,,,
US,US,,,1,,,,,,,,US,,,658,Individual,,,,,,,,,,,,,,
US,US,,,1,,,,,,,,US,,,661,Individual,,,,,,,,,,,,,,
US,US,,,1,,,,,,,,US,,,664,Individual,,,,,,,,,,,,,,
US,US,,,1,,,,,,,,US,,,668,Individual,,,,,,,,,,,,,,
US,US,,,1,,,,,,,,US,,,669,Individual,,,,,,,,,,,,,,
US,US,,,1,,,,,,,,US,,,673,Individual,,,,,,,,,,,,,,
US,US,,,1,,,,,,,,US,,,674,Individual,,,,,,,,,,,,,,
US,US,,,1,,,,,,,,US,,,675,Individual,,,,,,,,,,,,,,
US,US,,,1,,,,,,,,US,,,677,Individual,,,,,,,,,,,,,,
US,US,,,1,,,,,,,,US,,,678,Individual,,,,,,,,,,,,,,
US,US,,,1,,,,,,,,US,,,681,Individual,,,,,,,,,,,,,,
US,US,,,1,,,,,,,,US,,,682,Individual,,,,,,,,,,,,,,
US,US,,,1,,,,,,,,US,,,683,Individual,,,,,,,,,,,,,,
US,US,,,1,,,,,,,,US,,,684,Individual,,,,,,,,,,,,,,
US,US,,,1,,,,,,,,US,,,685,Individual,,,,,,,,,,,,,,
US,US,,,1,,,,,,,,US,,,686,Individual,,,,,,,,,,,,,,
US,US,,,1,,,,,,,,US,,,689,Individual,,,,,,,,,,,,,,
US,US,,,1,,,,,,,,US,,,690,Individual,,,,,,,,,,,,,,
US,US,,,1,,,,,,,,US,,,691,Individual,,,,,,,,,,,,,,
US,US,,,1,,,,,,,,US,,,692,Individual,,,,,,,,,,,,,,
US,US,,,1,,,,,,,,US,,,695,Individual,,,,,,,,,,,,,,
US,US,,,1,,,,,,,,US,,,696,Individual,,,,,,,,,,,,,,
US,US,,,1,,,,,,,,US,,,699,Individual,,,,,,,,,,,,,,
US,US,,,1,,,,,,,,US,,,701,Individual,,,,,,,,,,,,,,
US,US,,,1,,,,,,,,US,,,703,Individual,,,,,,,,,,,,,,
US,US,,,1,,,,,,,,US,,,704,Individual,,,,,,,,,,,,,,
US,US,,,1,,,,,,,,US,,,707,Individual,,,,,,,,,,,,,,
US,US,,,1,,,,,,,,US,,,709,Individual,,,,,,,,,,,,,,
US,US,,,1,,,,,,,,US,,,710,Individual,,,,,,,,,,,,,,
US,US,,,1,,,,,,,,US,,,713,Individual,,,,,,,,,,,,,,
US,US,,,1,,,,,,,,US,,,714,Individual,,,,,,,,,,,,,,
US,US,,,1,,,,,,,,US,,,717,Individual,,,,,,,,,,,,,,
US,US,,,1,,,,,,,,US,,,719,Individual,,,,,,,,,,,,,,
US,US,,,1,,,,,,,,US,,,722,Individual,,,,,,,,,,,,,,
US,US,,,1,,,,,,,,US,,,723,Individual,,,,,,,,,,,,,,
US,US,,,1,,,,,,,,US,,,728,Individual,,,,,,,,,,,,,,
US,US,,,1,,,,,,,,US,,,732,Individual,,,,,,,,,,,,,,
US,US,,,1,,,,,,,,US,,,734,Individual,,,,,,,,,,,,,,
US,US,,,1,,,,,,,,US,,,736,Individual,,,,,,,,,,,,,,
US,US,,,1,,,,,,,,US,,,737,Individual,,,,,,,,,,,,,,
US,US,,,1,,,,,,,,US,,,738,Individual,,,,,,,,,,,,,,
US,US,,,1,,,,,,,,US,,,739,Individual,,,,,,,,,,,,,,
US,US,,,1,,,,,,,,US,,,741,Individual,,,,,,,,,,,,,,
US,US,,,1,,,,,,,,US,,,747,Individual,,,,,,,,,,,,,,
US,US,,,1,,,,,,,,US,,,748,Individual,,,,,,,,,,,,,,
US,US,,,1,,,,,,,,US,,,749,Individual,,,,,,,,,,,,,,
US,US,,,1,,,,,,,,US,,,750,Individual,,,,,,,,,,,,,,
US,US,,,1,,,,,,,,US,,,754,Individual,,,,,,,,,,,,,,
US,US,,,1,,,,,,,,US,,,755,Individual,,,,,,,,,,,,,,
US,US,,,1,,,,,,,,US,,,756,Individual,,,,,,,,,,,,,,
US,US,,,1,,,,,,,,US,,,757,Individual,,,,,,,,,,,,,,
US,US,,,1,,,,,,,,US,,,758,Individual,,,,,,,,,,,,,,
US,US,,,1,,,,,,,,US,,,759,Individual,,,,,,,,,,,,,,
US,US,,,1,,,,,,,,US,,,760,Individual,,,,,,,,,,,,,,
US,US,,,1,,,,,,,,US,,,761,Individual,,,,,,,,,,,,,,
US,US,,,1,,,,,,,,US,,,762,Individual,,,,,,,,,,,,,,
US,US,,,1,,,,,,,,US,,,763,Individual,,,,,,,,,,,,,,
US,US,,,1,,,,,,,,US,,,764,Individual,,,,,,,,,,,,,,
US,US,,,1,,,,,,,,US,,,766,Individual,,,,,,,,,,,,,,
US,US,,,1,,,,,,,,US,,,769,Individual,,,,,,,,,,,,,,
US,US,,,1,,,,,,,,US,,,773,Individual,,,,,,,,,,,,,,
US,US,,,1,,,,,,,,US,,,774,Individual,,,,,,,,,,,,,,
US,US,,,1,,,,,,,,US,,,775,Individual,,,,,,,,,,,,,,
US,US,,,1,,,,,,,,US,,,777,Individual,,,,,,,,,,,,,,
US,US,,,1,,,,,,,,US,,,778,Individual,,,,,,,,,,,,,,
US,US,,,1,,,,,,,,US,,,782,Individual,,,,,,,,,,,,,,
US,US,,,1,,,,,,,,US,,,785,Individual,,,,,,,,,,,,,,
US,US,,,1,,,,,,,,US,,,787,Individual,,,,,,,,,,,,,,
US,US,,,1,,,,,,,,US,,,788,Individual,,,,,,,,,,,,,,
US,US,,,1,,,,,,,,US,,,789,Individual,,,,,,,,,,,,,,
US,US,,,1,,,,,,,,US,,,791,Individual,,,,,,,,,,,,,,
US,US,,,1,,,,,,,,US,,,795,Individual,,,,,,,,,,,,,,
US,US,,,1,,,,,,,,US,,,797,Individual,,,,,,,,,,,,,,
US,US,,,1,,,,,,,,US,,,798,Individual,,,,,,,,,,,,,,
US,US,,,1,,,,,,,,US,,,799,Individual,,,,,,,,,,,,,,
US,US,,,1,,,,,,,,US,,,801,Individual,,,,,,,,,,,,,,
US,US,,,1,,,,,,,,US,,,803,Individual,,,,,,,,,,,,,,
US,US,,,1,,,,,,,,US,,,805,Individual,,,,,,,,,,,,,,
US,US,,,1,,,,,,,,US,,,806,Individual,,,,,,,,,,,,,,
US,US,,,1,,,,,,,,US,,,807,Individual,,,,,,,,,,,,,,
US,US,,,1,,,,,,,,US,,,809,Individual,,,,,,,,,,,,,,
US,US,,,1,,,,,,,,US,,,810,Individual,,,,,,,,,,,,,,
US,US,,,1,,,,,,,,US,,,811,Individual,,,,,,,,,,,,,,
US,US,,,1,,,,,,,,US,,,816,Individual,,,,,,,,,,,,,,
US,US,,,1,,,,,,,,US,,,817,Individual,,,,,,,,,,,,,,
US,US,,,1,,,,,,,,US,,,818,Individual,,,,,,,,,,,,,,
US,US,,,1,,,,,,,,US,,,819,Individual,,,,,,,,,,,,,,
US,US,,,1,,,,,,,,US,,,820,Individual,,,,,,,,,,,,,,
US,US,,,1,,,,,,,,US,,,824,Individual,,,,,,,,,,,,,,
US,US,,,1,,,,,,,,US,,,827,Individual,,,,,,,,,,,,,,
US,US,,,1,,,,,,,,US,,,831,Individual,,,,,,,,,,,,,,
US,US,,,1,,,,,,,,US,,,832,Individual,,,,,,,,,,,,,,
US,US,,,1,,,,,,,,US,,,836,Individual,,,,,,,,,,,,,,
US,US,,,1,,,,,,,,US,,,837,Individual,,,,,,,,,,,,,,
US,US,,,1,,,,,,,,US,,,842,Individual,,,,,,,,,,,,,,
US,US,,,1,,,,,,,,US,,,844,Individual,,,,,,,,,,,,,,
US,US,,,1,,,,,,,,US,,,847,Individual,,,,,,,,,,,,,,
US,US,,,1,,,,,,,,US,,,850,Individual,,,,,,,,,,,,,,
US,US,,,1,,,,,,,,US,,,851,Individual,,,,,,,,,,,,,,
US,US,,,1,,,,,,,,US,,,854,Individual,,,,,,,,,,,,,,
US,US,,,1,,,,,,,,US,,,857,Individual,,,,,,,,,,,,,,
US,US,,,1,,,,,,,,US,,,862,Individual,,,,,,,,,,,,,,
US,US,,,1,,,,,,,,US,,,863,Individual,,,,,,,,,,,,,,
US,US,,,1,,,,,,,,US,,,864,Individual,,,,,,,,,,,,,,
US,US,,,1,,,,,,,,US,,,866,Individual,,,,,,,,,,,,,,
US,US,,,1,,,,,,,,US,,,868,Individual,,,,,,,,,,,,,,
US,US,,,1,,,,,,,,US,,,869,Individual,,,,,,,,,,,,,,
US,US,,,1,,,,,,,,US,,,870,Individual,,,,,,,,,,,,,,
US,US,,,1,,,,,,,,US,,,871,Individual,,,,,,,,,,,,,,
US,US,,,1,,,,,,,,US,,,873,Individual,,,,,,,,,,,,,,
US,US,,,1,,,,,,,,US,,,874,Individual,,,,,,,,,,,,,,
US,US,,,1,,,,,,,,US,,,878,Individual,,,,,,,,,,,,,,
US,US,,,1,,,,,,,,US,,,879,Individual,,,,,,,,,,,,,,
US,US,,,1,,,,,,,,US,,,880,Individual,,,,,,,,,,,,,,
US,US,,,1,,,,,,,,US,,,881,Individual,,,,,,,,,,,,,,
US,US,,,1,,,,,,,,US,,,884,Individual,,,,,,,,,,,,,,
US,US,,,1,,,,,,,,US,,,885,Individual,,,,,,,,,,,,,,
US,US,,,1,,,,,,,,US,,,889,Individual,,,,,,,,,,,,,,
US,US,,,1,,,,,,,,US,,,890,Individual,,,,,,,,,,,,,,
US,US,,,1,,,,,,,,US,,,891,Individual,,,,,,,,,,,,,,
US,US,,,1,,,,,,,,US,,,893,Individual,,,,,,,,,,,,,,
US,US,,,1,,,,,,,,US,,,896,Individual,,,,,,,,,,,,,,
US,US,,,1,,,,,,,,US,,,900,Individual,,,,,,,,,,,,,,
US,US,,,1,,,,,,,,US,,,903,Individual,,,,,,,,,,,,,,
US,US,,,1,,,,,,,,US,,,905,Individual,,,,,,,,,,,,,,
US,US,,,1,,,,,,,,US,,,907,Individual,,,,,,,,,,,,,,
US,US,,,1,,,,,,,,US,,,908,Individual,,,,,,,,,,,,,,
US,US,,,1,,,,,,,,US,,,909,Individual,,,,,,,,,,,,,,
US,US,,,1,,,,,,,,US,,,913,Individual,,,,,,,,,,,,,,
US,US,,,1,,,,,,,,US,,,914,Individual,,,,,,,,,,,,,,
US,US,,,1,,,,,,,,US,,,915,Individual,,,,,,,,,,,,,,
US,US,,,1,,,,,,,,US,,,916,Individual,,,,,,,,,,,,,,
US,US,,,1,,,,,,,,US,,,918,Individual,,,,,,,,,,,,,,
US,US,,,1,,,,,,,,US,,,924,Individual,,,,,,,,,,,,,,
US,US,,,1,,,,,,,,US,,,926,Individual,,,,,,,,,,,,,,
US,US,,,1,,,,,,,,US,,,929,Individual,,,,,,,,,,,,,,
US,US,,,1,,,,,,,,US,,,934,Individual,,,,,,,,,,,,,,
US,US,,,1,,,,,,,,US,,,936,Individual,,,,,,,,,,,,,,
US,US,,,1,,,,,,,,US,,,938,Individual,,,,,,,,,,,,,,
US,US,,,1,,,,,,,,US,,,941,Individual,,,,,,,,,,,,,,
US,US,,,1,,,,,,,,US,,,942,Individual,,,,,,,,,,,,,,
US,US,,,1,,,,,,,,US,,,943,Individual,,,,,,,,,,,,,,
US,US,,,1,,,,,,,,US,,,945,Individual,,,,,,,,,,,,,,
US,US,,,1,,,,,,,,US,,,948,Individual,,,,,,,,,,,,,,
US,US,,,1,,,,,,,,US,,,949,Individual,,,,,,,,,,,,,,
US,US,,,1,,,,,,,,US,,,951,Individual,,,,,,,,,,,,,,
US,US,,,1,,,,,,,,US,,,952,Individual,,,,,,,,,,,,,,
US,US,,,1,,,,,,,,US,,,953,Individual,,,,,,,,,,,,,,
US,US,,,1,,,,,,,,US,,,954,Individual,,,,,,,,,,,,,,
US,US,,,1,,,,,,,,US,,,958,Individual,,,,,,,,,,,,,,
US,US,,,1,,,,,,,,US,,,961,Individual,,,,,,,,,,,,,,
US,US,,,1,,,,,,,,US,,,963,Individual,,,,,,,,,,,,,,
US,US,,,1,,,,,,,,US,,,964,Individual,,,,,,,,,,,,,,
US,US,,,1,,,,,,,,US,,,965,Individual,,,,,,,,,,,,,,
US,US,,,1,,,,,,,,US,,,966,Individual,,,,,,,,,,,,,,
US,US,,,1,,,,,,,,US,,,967,Individual,,,,,,,,,,,,,,
US,US,,,1,,,,,,,,US,,,969,Individual,,,,,,,,,,,,,,
US,US,,,1,,,,,,,,US,,,971,Individual,,,,,,,,,,,,,,
US,US,,,1,,,,,,,,US,,,972,Individual,,,,,,,,,,,,,,
US,US,,,1,,,,,,,,US,,,973,Individual,,,,,,,,,,,,,,
US,US,,,1,,,,,,,,US,,,979,Individual,,,,,,,,,,,,,,
US,US,,,1,,,,,,,,US,,,983,Individual,,,,,,,,,,,,,,
US,US,,,1,,,,,,,,US,,,984,Individual,,,,,,,,,,,,,,
US,US,,,1,,,,,,,,US,,,988,Individual,,,,,,,,,,,,,,
US,US,,,1,,,,,,,,US,,,990,Individual,,,,,,,,,,,,,,
US,US,,,1,,,,,,,,US,,,991,Individual,,,,,,,,,,,,,,
US,US,,,1,,,,,,,,US,,,992,Individual,,,,,,,,,,,,,,
US,US,,,1,,,,,,,,US,,,994,Individual,,,,,,,,,,,,,,
US,US,,,1,,,,,,,,US,,,995,Individual,,,,,,,,,,,,,,
US,US,,,1,,,,,,,,US,,,998,Individual,,,,,,,,,,,,,,
US,US,,,1,,,,,,,,US,,,1002,Individual,,,,,,,,,,,,,,
US,US,,,1,,,,,,,,US,,,1003,Individual,,,,,,,,,,,,,,
US,US,,,1,,,,,,,,US,,,1004,Individual,,,,,,,,,,,,,,
US,US,,,1,,,,,,,,US,,,1007,Individual,,,,,,,,,,,,,,
US,US,,,1,,,,,,,,US,,,1008,Individual,,,,,,,,,,,,,,
US,US,,,1,,,,,,,,US,,,1010,Individual,,,,,,,,,,,,,,
US,US,,,1,,,,,,,,US,,,1011,Individual,,,,,,,,,,,,,,
US,US,,,1,,,,,,,,US,,,1012,Individual,,,,,,,,,,,,,,
US,US,,,1,,,,,,,,US,,,1013,Individual,,,,,,,,,,,,,,
US,US,,,1,,,,,,,,US,,,1015,Individual,,,,,,,,,,,,,,
US,US,,,1,,,,,,,,US,,,1018,Individual,,,,,,,,,,,,,,
US,US,,,1,,,,,,,,US,,,1019,Individual,,,,,,,,,,,,,,
US,US,,,1,,,,,,,,US,,,1023,Individual,,,,,,,,,,,,,,
US,US,,,1,,,,,,,,US,,,1024,Individual,,,,,,,,,,,,,,
US,US,,,1,,,,,,,,US,,,1025,Individual,,,,,,,,,,,,,,
US,US,,,1,,,,,,,,US,,,1026,Individual,,,,,,,,,,,,,,
US,US,,,1,,,,,,,,US,,,1028,Individual,,,,,,,,,,,,,,
US,US,,,1,,,,,,,,US,,,1031,Individual,,,,,,,,,,,,,,
US,US,,,1,,,,,,,,US,,,1033,Individual,,,,,,,,,,,,,,
US,US,,,1,,,,,,,,US,,,1034,Individual,,,,,,,,,,,,,,
US,US,,,1,,,,,,,,US,,,1035,Individual,,,,,,,,,,,,,,
US,US,,,1,,,,,,,,US,,,1039,Individual,,,,,,,,,,,,,,
US,US,,,1,,,,,,,,US,,,1040,Individual,,,,,,,,,,,,,,
US,US,,,1,,,,,,,,US,,,1045,Individual,,,,,,,,,,,,,,
US,US,,,1,,,,,,,,US,,,1047,Individual,,,,,,,,,,,,,,
US,US,,,1,,,,,,,,US,,,1048,Individual,,,,,,,,,,,,,,
US,US,,,1,,,,,,,,US,,,1050,Individual,,,,,,,,,,,,,,
US,US,,,1,,,,,,,,US,,,1055,Individual,,,,,,,,,,,,,,
US,US,,,1,,,,,,,,US,,,1057,Individual,,,,,,,,,,,,,,
US,US,,,1,,,,,,,,US,,,1058,Individual,,,,,,,,,,,,,,
US,US,,,1,,,,,,,,US,,,1059,Individual,,,,,,,,,,,,,,
US,US,,,1,,,,,,,,US,,,1060,Individual,,,,,,,,,,,,,,
US,US,,,1,,,,,,,,US,,,1061,Individual,,,,,,,,,,,,,,
US,US,,,1,,,,,,,,US,,,1062,Individual,,,,,,,,,,,,,,
US,US,,,1,,,,,,,,US,,,1064,Individual,,,,,,,,,,,,,,
US,US,,,1,,,,,,,,US,,,1066,Individual,,,,,,,,,,,,,,
US,US,,,1,,,,,,,,US,,,1070,Individual,,,,,,,,,,,,,,
US,US,,,1,,,,,,,,US,,,1072,Individual,,,,,,,,,,,,,,
US,US,,,1,,,,,,,,US,,,1073,Individual,,,,,,,,,,,,,,
US,US,,,1,,,,,,,,US,,,1075,Individual,,,,,,,,,,,,,,
US,US,,,1,,,,,,,,US,,,1076,Individual,,,,,,,,,,,,,,
US,US,,,1,,,,,,,,US,,,1077,Individual,,,,,,,,,,,,,,
US,US,,,1,,,,,,,,US,,,1079,Individual,,,,,,,,,,,,,,
US,US,,,1,,,,,,,,US,,,1081,Individual,,,,,,,,,,,,,,
US,US,,,1,,,,,,,,US,,,1082,Individual,,,,,,,,,,,,,,
US,US,,,1,,,,,,,,US,,,1089,Individual,,,,,,,,,,,,,,
US,US,,,1,,,,,,,,US,,,1090,Individual,,,,,,,,,,,,,,
US,US,,,1,,,,,,,,US,,,1091,Individual,,,,,,,,,,,,,,
US,US,,,1,,,,,,,,US,,,1094,Individual,,,,,,,,,,,,,,
US,US,,,1,,,,,,,,US,,,1095,Individual,,,,,,,,,,,,,,
US,US,,,1,,,,,,,,US,,,1096,Individual,,,,,,,,,,,,,,
US,US,,,1,,,,,,,,US,,,1097,Individual,,,,,,,,,,,,,,
US,US,,,1,,,,,,,,US,,,1098,Individual,,,,,,,,,,,,,,
US,US,,,1,,,,,,,,US,,,1102,Individual,,,,,,,,,,,,,,
US,US,,,1,,,,,,,,US,,,1103,Individual,,,,,,,,,,,,,,
US,US,,,1,,,,,,,,US,,,1105,Individual,,,,,,,,,,,,,,
US,US,,,1,,,,,,,,US,,,1107,Individual,,,,,,,,,,,,,,
US,US,,,1,,,,,,,,US,,,1108,Individual,,,,,,,,,,,,,,
US,US,,,1,,,,,,,,US,,,1110,Individual,,,,,,,,,,,,,,
US,US,,,1,,,,,,,,US,,,1111,Individual,,,,,,,,,,,,,,
US,US,,,1,,,,,,,,US,,,1117,Individual,,,,,,,,,,,,,,
US,US,,,1,,,,,,,,US,,,1119,Individual,,,,,,,,,,,,,,
US,US,,,1,,,,,,,,US,,,1120,Individual,,,,,,,,,,,,,,
US,US,,,1,,,,,,,,US,,,1121,Individual,,,,,,,,,,,,,,
US,US,,,1,,,,,,,,US,,,1126,Individual,,,,,,,,,,,,,,
US,US,,,1,,,,,,,,US,,,1129,Individual,,,,,,,,,,,,,,
US,US,,,1,,,,,,,,US,,,1130,Individual,,,,,,,,,,,,,,
US,US,,,1,,,,,,,,US,,,1132,Individual,,,,,,,,,,,,,,
US,US,,,1,,,,,,,,US,,,1133,Individual,,,,,,,,,,,,,,
US,US,,,1,,,,,,,,US,,,1134,Individual,,,,,,,,,,,,,,
US,US,,,1,,,,,,,,US,,,1139,Individual,,,,,,,,,,,,,,
US,US,,,1,,,,,,,,US,,,1140,Individual,,,,,,,,,,,,,,
US,US,,,1,,,,,,,,US,,,1141,Individual,,,,,,,,,,,,,,
US,US,,,1,,,,,,,,US,,,1145,Individual,,,,,,,,,,,,,,
US,US,,,1,,,,,,,,US,,,1147,Individual,,,,,,,,,,,,,,
US,US,,,1,,,,,,,,US,,,1148,Individual,,,,,,,,,,,,,,
US,US,,,1,,,,,,,,US,,,1149,Individual,,,,,,,,,,,,,,
US,US,,,1,,,,,,,,US,,,1150,Individual,,,,,,,,,,,,,,
US,US,,,1,,,,,,,,US,,,1151,Individual,,,,,,,,,,,,,,
US,US,,,1,,,,,,,,US,,,1152,Individual,,,,,,,,,,,,,,
US,US,,,1,,,,,,,,US,,,1153,Individual,,,,,,,,,,,,,,
US,US,,,1,,,,,,,,US,,,1157,Individual,,,,,,,,,,,,,,
US,US,,,1,,,,,,,,US,,,1161,Individual,,,,,,,,,,,,,,
US,US,,,1,,,,,,,,US,,,1163,Individual,,,,,,,,,,,,,,
US,US,,,1,,,,,,,,US,,,1164,Individual,,,,,,,,,,,,,,
US,US,,,1,,,,,,,,US,,,1167,Individual,,,,,,,,,,,,,,
US,US,,,1,,,,,,,,US,,,1169,Individual,,,,,,,,,,,,,,
US,US,,,1,,,,,,,,US,,,1171,Individual,,,,,,,,,,,,,,
US,US,,,1,,,,,,,,US,,,1172,Individual,,,,,,,,,,,,,,
US,US,,,1,,,,,,,,US,,,1174,Individual,,,,,,,,,,,,,,
US,US,,,1,,,,,,,,US,,,1176,Individual,,,,,,,,,,,,,,
US,US,,,1,,,,,,,,US,,,1177,Individual,,,,,,,,,,,,,,
US,US,,,1,,,,,,,,US,,,1181,Individual,,,,,,,,,,,,,,
US,US,,,1,,,,,,,,US,,,1184,Individual,,,,,,,,,,,,,,
US,US,,,1,,,,,,,,US,,,1186,Individual,,,,,,,,,,,,,,
US,US,,,1,,,,,,,,US,,,1187,Individual,,,,,,,,,,,,,,
US,US,,,1,,,,,,,,US,,,1190,Individual,,,,,,,,,,,,,,
US,US,,,1,,,,,,,,US,,,1192,Individual,,,,,,,,,,,,,,
US,US,,,1,,,,,,,,US,,,1193,Individual,,,,,,,,,,,,,,
US,US,,,1,,,,,,,,US,,,1196,Individual,,,,,,,,,,,,,,
US,US,,,1,,,,,,,,US,,,1197,Individual,,,,,,,,,,,,,,
US,US,,,1,,,,,,,,US,,,1198,Individual,,,,,,,,,,,,,,
US,US,,,1,,,,,,,,US,,,1199,Individual,,,,,,,,,,,,,,
US,US,,,1,,,,,,,,US,,,1200,Individual,,,,,,,,,,,,,,
US,US,,,1,,,,,,,,US,,,1202,Individual,,,,,,,,,,,,,,
US,US,,,1,,,,,,,,US,,,1206,Individual,,,,,,,,,,,,,,
US,US,,,1,,,,,,,,US,,,1207,Individual,,,,,,,,,,,,,,
US,US,,,1,,,,,,,,US,,,1212,Individual,,,,,,,,,,,,,,
US,US,,,1,,,,,,,,US,,,1213,Individual,,,,,,,,,,,,,,
US,US,,,1,,,,,,,,US,,,1215,Individual,,,,,,,,,,,,,,
US,US,,,1,,,,,,,,US,,,1217,Individual,,,,,,,,,,,,,,
US,US,,,1,,,,,,,,US,,,1219,Individual,,,,,,,,,,,,,,
US,US,,,1,,,,,,,,US,,,1222,Individual,,,,,,,,,,,,,,
US,US,,,1,,,,,,,,US,,,1223,Individual,,,,,,,,,,,,,,
US,US,,,1,,,,,,,,US,,,1224,Individual,,,,,,,,,,,,,,
US,US,,,1,,,,,,,,US,,,1227,Individual,,,,,,,,,,,,,,
US,US,,,1,,,,,,,,US,,,1229,Individual,,,,,,,,,,,,,,
US,US,,,1,,,,,,,,US,,,1233,Individual,,,,,,,,,,,,,,
US,US,,,1,,,,,,,,US,,,1238,Individual,,,,,,,,,,,,,,
US,US,,,1,,,,,,,,US,,,1240,Individual,,,,,,,,,,,,,,
US,US,,,1,,,,,,,,US,,,1241,Individual,,,,,,,,,,,,,,
US,US,,,1,,,,,,,,US,,,1242,Individual,,,,,,,,,,,,,,
US,US,,,1,,,,,,,,US,,,1243,Individual,,,,,,,,,,,,,,
US,US,,,1,,,,,,,,US,,,1245,Individual,,,,,,,,,,,,,,
US,US,,,1,,,,,,,,US,,,1246,Individual,,,,,,,,,,,,,,
US,US,,,1,,,,,,,,US,,,1248,Individual,,,,,,,,,,,,,,
US,US,,,1,,,,,,,,US,,,1252,Individual,,,,,,,,,,,,,,
US,US,,,1,,,,,,,,US,,,1253,Individual,,,,,,,,,,,,,,
US,US,,,1,,,,,,,,US,,,1254,Individual,,,,,,,,,,,,,,
US,US,,,1,,,,,,,,US,,,1256,Individual,,,,,,,,,,,,,,
US,US,,,1,,,,,,,,US,,,1259,Individual,,,,,,,,,,,,,,
US,US,,,1,,,,,,,,US,,,1261,Individual,,,,,,,,,,,,,,
US,US,,,1,,,,,,,,US,,,1262,Individual,,,,,,,,,,,,,,
US,US,,,1,,,,,,,,US,,,1264,Individual,,,,,,,,,,,,,,
US,US,,,1,,,,,,,,US,,,1265,Individual,,,,,,,,,,,,,,
US,US,,,1,,,,,,,,US,,,1266,Individual,,,,,,,,,,,,,,
US,US,,,1,,,,,,,,US,,,1267,Individual,,,,,,,,,,,,,,
US,US,,,1,,,,,,,,US,,,1268,Individual,,,,,,,,,,,,,,
US,US,,,1,,,,,,,,US,,,1270,Individual,,,,,,,,,,,,,,
US,US,,,1,,,,,,,,US,,,1272,Individual,,,,,,,,,,,,,,
US,US,,,1,,,,,,,,US,,,1275,Individual,,,,,,,,,,,,,,
US,US,,,1,,,,,,,,US,,,1276,Individual,,,,,,,,,,,,,,
US,US,,,1,,,,,,,,US,,,1278,Individual,,,,,,,,,,,,,,
US,US,,,1,,,,,,,,US,,,1279,Individual,,,,,,,,,,,,,,
US,US,,,1,,,,,,,,US,,,1280,Individual,,,,,,,,,,,,,,
US,US,,,1,,,,,,,,US,,,1283,Individual,,,,,,,,,,,,,,
US,US,,,1,,,,,,,,US,,,1284,Individual,,,,,,,,,,,,,,
US,US,,,1,,,,,,,,US,,,1285,Individual,,,,,,,,,,,,,,
US,US,,,1,,,,,,,,US,,,1286,Individual,,,,,,,,,,,,,,
US,US,,,1,,,,,,,,US,,,1287,Individual,,,,,,,,,,,,,,
US,US,,,1,,,,,,,,US,,,1289,Individual,,,,,,,,,,,,,,
US,US,,,1,,,,,,,,US,,,1290,Individual,,,,,,,,,,,,,,
US,US,,,1,,,,,,,,US,,,1292,Individual,,,,,,,,,,,,,,
US,US,,,1,,,,,,,,US,,,1293,Individual,,,,,,,,,,,,,,
US,US,,,1,,,,,,,,US,,,1294,Individual,,,,,,,,,,,,,,
US,US,,,1,,,,,,,,US,,,1295,Individual,,,,,,,,,,,,,,
US,US,,,1,,,,,,,,US,,,1297,Individual,,,,,,,,,,,,,,
US,US,,,1,,,,,,,,US,,,1299,Individual,,,,,,,,,,,,,,
US,US,,,1,,,,,,,,US,,,1301,Individual,,,,,,,,,,,,,,
US,US,,,1,,,,,,,,US,,,1302,Individual,,,,,,,,,,,,,,
US,US,,,1,,,,,,,,US,,,1303,Individual,,,,,,,,,,,,,,
US,US,,,1,,,,,,,,US,,,1304,Individual,,,,,,,,,,,,,,
US,US,,,1,,,,,,,,US,,,1305,Individual,,,,,,,,,,,,,,
US,US,,,1,,,,,,,,US,,,1306,Individual,,,,,,,,,,,,,,
US,US,,,1,,,,,,,,US,,,1309,Individual,,,,,,,,,,,,,,
US,US,,,1,,,,,,,,US,,,1311,Individual,,,,,,,,,,,,,,
US,US,,,1,,,,,,,,US,,,1314,Individual,,,,,,,,,,,,,,
US,US,,,1,,,,,,,,US,,,1316,Individual,,,,,,,,,,,,,,
US,US,,,1,,,,,,,,US,,,1321,Individual,,,,,,,,,,,,,,
US,US,,,1,,,,,,,,US,,,1323,Individual,,,,,,,,,,,,,,
US,US,,,1,,,,,,,,US,,,1328,Individual,,,,,,,,,,,,,,
US,US,,,1,,,,,,,,US,,,1334,Individual,,,,,,,,,,,,,,
US,US,,,1,,,,,,,,US,,,1335,Individual,,,,,,,,,,,,,,
US,US,,,1,,,,,,,,US,,,1336,Individual,,,,,,,,,,,,,,
US,US,,,1,,,,,,,,US,,,1337,Individual,,,,,,,,,,,,,,
US,US,,,1,,,,,,,,US,,,1341,Individual,,,,,,,,,,,,,,
US,US,,,1,,,,,,,,US,,,1343,Individual,,,,,,,,,,,,,,
US,US,,,1,,,,,,,,US,,,1351,Individual,,,,,,,,,,,,,,
US,US,,,1,,,,,,,,US,,,1353,Individual,,,,,,,,,,,,,,
US,US,,,1,,,,,,,,US,,,1355,Individual,,,,,,,,,,,,,,
US,US,,,1,,,,,,,,US,,,1357,Individual,,,,,,,,,,,,,,
US,US,,,1,,,,,,,,US,,,1360,Individual,,,,,,,,,,,,,,
US,US,,,1,,,,,,,,US,,,1361,Individual,,,,,,,,,,,,,,
US,US,,,1,,,,,,,,US,,,1362,Individual,,,,,,,,,,,,,,
US,US,,,1,,,,,,,,US,,,1363,Individual,,,,,,,,,,,,,,
US,US,,,1,,,,,,,,US,,,1365,Individual,,,,,,,,,,,,,,
US,US,,,1,,,,,,,,US,,,1366,Individual,,,,,,,,,,,,,,
US,US,,,1,,,,,,,,US,,,1367,Individual,,,,,,,,,,,,,,
US,US,,,1,,,,,,,,US,,,1368,Individual,,,,,,,,,,,,,,
US,US,,,1,,,,,,,,US,,,1373,Individual,,,,,,,,,,,,,,
US,US,,,1,,,,,,,,US,,,1374,Individual,,,,,,,,,,,,,,
US,US,,,1,,,,,,,,US,,,1377,Individual,,,,,,,,,,,,,,
US,US,,,1,,,,,,,,US,,,1378,Individual,,,,,,,,,,,,,,
US,US,,,1,,,,,,,,US,,,1379,Individual,,,,,,,,,,,,,,
US,US,,,1,,,,,,,,US,,,1380,Individual,,,,,,,,,,,,,,
US,US,,,1,,,,,,,,US,,,1383,Individual,,,,,,,,,,,,,,
US,US,,,1,,,,,,,,US,,,1386,Individual,,,,,,,,,,,,,,
US,US,,,1,,,,,,,,US,,,1394,Individual,,,,,,,,,,,,,,
US,US,,,1,,,,,,,,US,,,1395,Individual,,,,,,,,,,,,,,
US,US,,,1,,,,,,,,US,,,1398,Individual,,,,,,,,,,,,,,
US,US,,,1,,,,,,,,US,,,1400,Individual,,,,,,,,,,,,,,
US,US,,,1,,,,,,,,US,,,1404,Individual,,,,,,,,,,,,,,
US,US,,,1,,,,,,,,US,,,1406,Individual,,,,,,,,,,,,,,
US,US,,,1,,,,,,,,US,,,1408,Individual,,,,,,,,,,,,,,
US,US,,,1,,,,,,,,US,,,1409,Individual,,,,,,,,,,,,,,
US,US,,,1,,,,,,,,US,,,1411,Individual,,,,,,,,,,,,,,
US,US,,,1,,,,,,,,US,,,1416,Individual,,,,,,,,,,,,,,
US,US,,,1,,,,,,,,US,,,1417,Individual,,,,,,,,,,,,,,
US,US,,,1,,,,,,,,US,,,1418,Individual,,,,,,,,,,,,,,
US,US,,,1,,,,,,,,US,,,1419,Individual,,,,,,,,,,,,,,
US,US,,,1,,,,,,,,US,,,1424,Individual,,,,,,,,,,,,,,
US,US,,,1,,,,,,,,US,,,1427,Individual,,,,,,,,,,,,,,
US,US,,,1,,,,,,,,US,,,1428,Individual,,,,,,,,,,,,,,
US,US,,,1,,,,,,,,US,,,1432,Individual,,,,,,,,,,,,,,
US,US,,,1,,,,,,,,US,,,1434,Individual,,,,,,,,,,,,,,
US,US,,,1,,,,,,,,US,,,1435,Individual,,,,,,,,,,,,,,
US,US,,,1,,,,,,,,US,,,1438,Individual,,,,,,,,,,,,,,
